Team,Time,Jersey,Player,Event,X,Y,endX,endY,Foot,Outcome,Key Pass,Assist,Through Pass,Clearance,Take On,Hand Foul,gX,gY
Andover New Street,01:30,10,Hibberd,Pass,60,40,36,43,,Complete,,,,,,,,
Andover New Street,01:32,5,Scott,Pass,36,38,38,45,,Complete,,,,,,,,
Andover New Street,01:33,2,Kaba,Long Kick,35,46,84,1,,Incomplete,,,,,,,,
Andover New Street,01:43,3,Quashie,Head Pass,29,10,45,6,,Incomplete,,,,,,,,
Andover New Street,01:46,3,Quashie,Defensive Duel,34,11,0,0,,,,,,,,,,
Andover New Street,01:46,7,Locker,Offensive Duel,37,11,0,0,,Won,,,,,,,,
Andover New Street,01:47,7,Locker,Pass,37,8,30,14,,Complete,,,,,,,,
Andover New Street,01:49,3,Quashie,Long Kick,33,17,81,29,,Incomplete,,,true,,,,,
Andover New Street,01:52,7,Locker,Pressure,81,10,0,0,,,,,,,,,,
Andover New Street,01:55,5,Scott,LBD,36,28,0,0,,,,,,,,,,
Andover New Street,01:57,2,Kaba,Head Pass,32,35,31,25,,Complete,,,,,,,,
Andover New Street,01:59,3,Quashie,Pass,29,20,46,8,,Complete,,,,,,,,
Andover New Street,02:01,7,Locker,Pass,45,11,64,21,,Complete,,,,,,,,
Andover New Street,02:04,8,Williams,Offensive Duel,63,25,0,0,,Lost,,,,,,,,
Andover New Street,02:06,5,Scott,Defensive Duel,39,29,0,0,,,,,,,,,,
Andover New Street,02:08,5,Scott,Interception,44,35,0,0,,,,,,,,,,
Andover New Street,02:09,5,Scott,Pass,45,33,50,50,,Complete,,,,,,,,
Andover New Street,02:10,11,Taylor Kelly,Pass,42,59,57,53,,Complete,,,,,,,,
Andover New Street,02:16,10,Hibberd,Pass,64,69,45,55,,Complete,,,,,,,,
Andover New Street,02:18,2,Kaba,Pass,41,64,58,55,,Complete,,,,,,,,
Andover New Street,02:21,4,Carswell,Pass,51,55,38,42,,Complete,,,,,,,,
Andover New Street,02:24,5,Scott,Long Kick,35,36,84,3,,Complete,,,,,,,,
Andover New Street,02:27,7,Locker,Head Pass,89,3,97,24,,Incomplete,,,,,,,,
Andover New Street,02:52,3,Quashie,Throw In,86,1,90,11,,Incomplete,,,,,,,,
Andover New Street,02:54,10,Hibberd,Touch,83,15,0,0,,Bad,,,,,,,,
Andover New Street,02:56,8,Williams,Interception,86,13,0,0,,,,,,,,,,
Andover New Street,03:01,5,Scott,Defensive Duel,36,11,0,0,,Won,,,,,,,,
Andover New Street,03:11,3,Quashie,Pass,31,12,51,17,,Complete,,,,,,,,
Andover New Street,03:12,10,Hibberd,Touch,48,21,0,0,,Bad,,,,,,,,
Andover New Street,03:14,6,Thatcher,Defensive Duel,43,26,0,0,,,,,,,,,,
Andover New Street,03:16,10,Hibberd,Defensive Duel,43,30,0,0,,,,,,,,,,
Andover New Street,03:17,4,Carswell,Defensive Duel,48,21,0,0,,,,,,,,,,
Andover New Street,03:19,4,Carswell,Foul,50,22,0,0,,,,,,,,,,
Andover New Street,03:48,5,Scott,Air Duel,17,44,0,0,,Won,,,,,,,,
Andover New Street,03:50,10,Hibberd,Carry,32,60,45,70,,Complete,,,,,,,,
Andover New Street,03:53,10,Hibberd,Pass,41,71,76,69,,Incomplete,,,,,,,,
Andover New Street,03:57,9,Moore,Offensive Duel,76,74,0,0,,Lost,,,,,true,,,
Andover New Street,04:14,2,Kaba,Throw In,81,78,81,78,,Bad,,,,,,,,
Andover New Street,04:32,6,Thatcher,Defensive Duel,73,75,0,0,,,,,,,,,,
Andover New Street,04:35,11,Taylor Kelly,Defensive Duel,50,72,0,0,,Lost,,,,,,,,
Andover New Street,05:07,1,Fredricks,Free Kick,34,68,88,54,,,,,,,,,,
Andover New Street,05:12,4,Carswell,Head Pass,80,46,95,34,,Complete,,,,,,,,
Andover New Street,05:13,9,Moore,Air Duel,94,30,0,0,,Lost,,,,,,,,
Andover New Street,05:16,8,Williams,Pass,93,28,88,14,,Complete,,,,,,,,
Andover New Street,05:17,7,Locker,Pass,89,15,83,25,,Complete,,,,,,,,
Andover New Street,05:23,4,Carswell,Pass,86,10,56,13,,Complete,,,,,,,,
Andover New Street,05:18,4,Carswell,Carry,83,16,95,5,,Complete,,,,,,,,
Andover New Street,05:27,3,Quashie,Pass,41,25,18,55,,Complete,,,,,,,,
Andover New Street,05:32,1,Fredricks,Pass,21,55,32,62,,Incomplete,,,,,,,,
Andover New Street,05:45,2,Kaba,Throw In,33,78,50,72,,Complete,,,,,,,,
Andover New Street,05:46,10,Hibberd,LBD,51,73,0,0,,,,,,,,,,
Andover New Street,05:53,5,Scott,Long Kick,28,55,46,44,,Incomplete,,,,true,,,,
Andover New Street,05:52,2,Kaba,Interception,29,58,0,0,,,,,,,,,,
Andover New Street,05:57,3,Quashie,Touch,27,28,0,0,,Bad,,,,,,,,
Andover New Street,06:02,6,Thatcher,Head Pass,13,33,16,25,,Incomplete,,,,,,,,
Andover New Street,06:06,3,Quashie,Defensive Duel,15,27,0,0,,,,,,,,,,
Andover New Street,06:08,8,Williams,Carry,19,15,6,4,,Complete,,,,,,,,
Andover New Street,06:11,8,Williams,Pass,7,8,20,5,,Incomplete,,,,,,,,
Andover New Street,06:41,3,Quashie,Throw In,12,2,43,6,,Incomplete,,,,,,,,
Andover New Street,06:43,9,Moore,Air Duel,38,7,0,0,,Lost,,,,,,,,
Andover New Street,06:46,6,Thatcher,Pass,29,30,32,51,,Incomplete,,,,,,,,
Andover New Street,06:50,2,Kaba,Interception,23,40,0,0,,,,,,,,,,
Andover New Street,06:54,10,Hibberd,Offensive Duel,39,35,0,0,,Won,,,,,true,,,
Andover New Street,07:19,1,Fredricks,Free Kick,35,36,94,15,,,,,,,,,,
Andover New Street,07:24,4,Carswell,Touch,77,27,0,0,,Bad,,,,,,,,
Andover New Street,07:25,4,Carswell,Defensive Duel,74,26,0,0,,Lost,,,,,,,,
Andover New Street,07:33,4,Carswell,Offensive Duel,31,36,0,0,,,,,,,,,,
Andover New Street,07:36,4,Carswell,Defensive Duel,32,37,0,0,,Won,,,,,true,,,
Andover New Street,07:38,11,Taylor Kelly,Offensive Duel,38,39,0,0,,,,,,,,,,
Andover New Street,07:40,8,Williams,Offensive Duel,37,39,0,0,,,,,,,,,,
Andover New Street,07:41,8,Williams,Defensive Duel,40,36,0,0,,,,,,,,,,
Andover New Street,07:49,3,Quashie,Interception,11,26,0,0,,,,,,,,,,
Andover New Street,08:24,1,Fredricks,Goal Kick,6,35,73,13,,Complete,,,,,,,,
Andover New Street,08:37,3,Quashie,Air Duel,26,7,0,0,,Lost,,,,,,,,
Andover New Street,08:39,3,Quashie,Foul,26,9,0,0,,,,,,,,,,
Andover New Street,09:06,4,Carswell,Interception,14,31,0,0,,,,,,,,,,
Andover New Street,09:07,4,Carswell,Head Pass,16,34,38,51,,,,,,true,,,,
Andover New Street,09:14,6,Thatcher,Defensive Duel,16,67,0,0,,,,,,,,,,
Andover New Street,09:17,4,Carswell,Touch,19,50,0,0,,Bad,,,,,,,,
Andover New Street,09:21,4,Carswell,Pass,44,72,59,62,,Complete,,,,,,,,
Andover New Street,09:22,8,Williams,Touch,57,60,0,0,,Bad,,,,,,,,
Andover New Street,09:26,5,Scott,Pass,52,46,56,24,,Complete,,,,,,,,
Andover New Street,09:27,7,Locker,Long Kick,53,27,83,33,,Incomplete,,,,,,,,
Andover New Street,09:33,7,Locker,Offensive Duel,65,25,0,0,,,,,,,,,,
Andover New Street,09:42,5,Scott,Interception,20,31,0,0,,,,,,,,,,
Andover New Street,09:43,5,Scott,Long Kick,18,28,44,19,,Complete,,,,,,,,
Andover New Street,09:45,10,Hibberd,Air Duel,45,23,0,0,,Won,,,,,,,,
Andover New Street,09:47,8,Williams,Offensive Duel,52,25,0,0,,Won,,,,,true,,,
Andover New Street,09:51,8,Williams,Offensive Duel,42,28,0,0,,,,,,,,,,
Andover New Street,10:03,7,Locker,Defensive Duel,34,25,0,0,,,,,,,,,,
Andover New Street,10:52,1,Fredricks,Free Kick,8,33,72,7,,,,,,,,,,
Andover New Street,10:55,9,Moore,Air Duel,73,10,0,0,,Won,,,,,,,,
Andover New Street,11:16,1,Fredricks,Touch,5,33,0,0,,,,,,,,,,
Andover New Street,11:28,1,Fredricks,Long Kick,23,27,94,16,,Complete,,,,,,,,
Andover New Street,11:32,10,Hibberd,Air Duel,95,16,0,0,,Won,,,,,,,,
Andover New Street,11:35,9,Moore,Offensive Duel,113,27,0,0,,Won,,,,,,,,
Andover New Street,11:37,9,Moore,Cross,115,27,114,40,Left,,,,,,,,,
Andover New Street,11:48,2,Kaba,Throw In,24,79,7,60,,Complete,,,,,,,,
Andover New Street,11:53,1,Fredricks,Free Kick,4,55,14,3,,,,,,,,,,
Andover New Street,12:03,3,Quashie,Offensive Duel,12,10,0,0,,,,,,,,,,
Andover New Street,12:04,3,Quashie,Pass,11,9,29,12,,Complete,,,,,,,,
Andover New Street,12:06,7,Locker,Pass,27,10,15,12,,Complete,,,,,,,,
Andover New Street,12:06,3,Quashie,Long Kick,13,10,54,30,,Complete,,,,,,,,
Andover New Street,12:09,8,Williams,Air Duel,53,30,0,0,,Won,,,,,,,,
Andover New Street,12:14,6,Thatcher,Interception,55,26,0,0,,,,,,,,,,
Andover New Street,12:15,6,Thatcher,Long Kick,55,27,103,13,,Complete,,,,,,,,
Andover New Street,12:18,8,Williams,Cross,103,14,105,34,Left,,,,,,,,,
Andover New Street,12:40,3,Quashie,Throw In,91,1,92,14,,Complete,,,,,,,,
Andover New Street,12:41,10,Hibberd,Pass,91,13,97,5,,Complete,,,,,,,,
Andover New Street,12:41,3,Quashie,Pass,92,2,96,18,,Incomplete,,,,,,,,
Andover New Street,12:45,10,Hibberd,Offensive Duel,90,13,0,0,,Lost,,,,,true,,,
Andover New Street,12:52,6,Thatcher,Interception,50,23,0,0,,,,,,,,,,
Andover New Street,12:54,6,Thatcher,Pass,52,22,63,29,,Complete,,,,,,,,
Andover New Street,12:56,10,Hibberd,Offensive Duel,69,31,0,0,,Won,,,,,,,,
Andover New Street,13:01,10,Hibberd,Pass,70,31,63,47,,Complete,,,,,,,,
Andover New Street,13:03,4,Carswell,Long Kick,63,46,78,40,,Incomplete,,,,,,,,
Andover New Street,13:06,4,Carswell,Pass,67,50,80,64,,Complete,,,,,,,,
Andover New Street,13:08,11,Taylor Kelly,Pass,78,67,84,58,,Complete,,,,,,,,
Andover New Street,13:09,8,Williams,Offensive Duel,84,59,0,0,,Won,,,,,,,,
Andover New Street,13:16,10,Hibberd,Cross,103,67,110,33,Right,,,,,,,,,
Andover New Street,13:09,8,Williams,Carry,85,62,107,67,,Complete,,,,,,,,
Andover New Street,13:17,9,Moore,Air Duel,109,37,0,0,,Won,,,,,,,,
Andover New Street,13:21,7,Locker,Cross,111,13,112,26,Left,Blocked,,,,,,,,
Andover New Street,13:36,7,Locker,Throw In,106,1,87,8,,Complete,,,,,,,,
Andover New Street,13:39,3,Quashie,Pass,87,7,88,27,,Complete,,,,,,,,
Andover New Street,13:39,6,Thatcher,Pass,87,21,100,12,,Complete,,,,,,,,
Andover New Street,13:42,3,Quashie,Pass,107,16,101,28,,Complete,,,,,,,,
Andover New Street,13:44,10,Hibberd,Shot,100,27,117,41,Right,Saved,,,,,,,60,75
Andover New Street,13:53,4,Carswell,Interception,62,66,0,0,,,,,,,,,,
Andover New Street,13:54,4,Carswell,Carry,62,63,86,53,,Complete,,,,,,,,
Andover New Street,14:00,4,Carswell,Pass,86,49,83,72,,Complete,,,,,,,,
Andover New Street,14:03,11,Taylor Kelly,Pass,83,71,73,61,,Complete,,,,,,,,
Andover New Street,14:05,6,Thatcher,Pass,71,60,96,63,,Incomplete,,,,,,,,
Andover New Street,14:28,5,Scott,Air Duel,35,57,0,0,,Won,,,,,,,,
Andover New Street,14:31,8,Williams,Air Duel,68,69,0,0,,Won,,,,,,,,
Andover New Street,14:37,9,Moore,Pass,81,68,70,75,,Complete,,,,,,,,
Andover New Street,14:42,11,Taylor Kelly,Pass,73,73,66,55,,Complete,,,,,,,,
Andover New Street,14:45,4,Carswell,Pass,63,64,39,57,,Complete,,,,,,,,
Andover New Street,14:47,5,Scott,Pass,42,60,52,40,,Complete,,,,,,,,
Andover New Street,14:52,3,Quashie,Pass,50,28,56,40,,Complete,,,,,,,,
Andover New Street,14:54,4,Carswell,Pass,55,43,64,65,,Complete,,,,,,,,
Andover New Street,14:56,2,Kaba,Carry,63,65,87,63,,Complete,,,,,,,,
Andover New Street,15:01,2,Kaba,Pass,85,64,91,73,,Complete,,,,,,,,
Andover New Street,15:02,11,Taylor Kelly,Cross,88,75,105,48,Right,,,,,,,,,
Andover New Street,15:07,5,Scott,Interception,64,45,0,0,,Bad,,,,,,,,
Andover New Street,15:08,5,Scott,Foul,65,46,0,0,,,,,,,,true,,
Andover New Street,15:34,7,Locker,Pressure,45,5,0,0,,,,,,,,,,
Andover New Street,15:40,4,Carswell,Defensive Duel,13,23,0,0,,,,,,,,,,
Andover New Street,15:41,7,Locker,Defensive Duel,10,23,0,0,,,,,,,,,,
Andover New Street,15:42,7,Locker,Pass,9,23,18,7,,Complete,,,,,,,,
Andover New Street,15:45,3,Quashie,Pass,16,10,37,23,,Complete,,,,,,,,
Andover New Street,15:47,6,Thatcher,Carry,32,26,57,22,,Complete,,,,,,,,
Andover New Street,15:50,6,Thatcher,Pass,57,26,69,20,,Incomplete,,,,,,,,
Andover New Street,16:09,5,Scott,Defensive Duel,11,31,0,0,,Lost,,,,,,,,
Andover New Street,16:11,1,Fredricks,Save,6,39,0,0,Middle,Saved,,,,,,,72,43
Andover New Street,17:14,1,Fredricks,Goal Kick,5,38,75,27,,,,,,,,,,
Andover New Street,17:17,10,Hibberd,Air Duel,78,29,0,0,,Lost,,,,,,,,
Andover New Street,17:20,4,Carswell,Defensive Duel,54,26,0,0,,Won,,,,,,,,
Andover New Street,17:21,6,Thatcher,Offensive Duel,63,28,0,0,,Won,,,,,,,,
Andover New Street,17:39,5,Scott,Free Kick,51,35,102,29,,,,,,,,,,
Andover New Street,17:51,3,Quashie,LBD,35,23,0,0,,,,,,,,,,
Andover New Street,17:52,3,Quashie,Head Pass,29,21,29,1,,,,,,true,,,,
Andover New Street,18:19,5,Scott,Air Duel,7,32,0,0,,Won,,,,true,,,,
Andover New Street,18:45,1,Fredricks,Air Duel,7,41,0,0,,Won,,,,true,,,,
Andover New Street,19:14,3,Quashie,Interception,7,39,0,0,,,,,,,,,,
Andover New Street,19:53,1,Fredricks,Goal Kick,7,34,75,35,,,,,,,,,,
Andover New Street,19:57,8,Williams,Air Duel,75,38,0,0,,Won,,,,,,,,
Andover New Street,19:58,9,Moore,Touch,87,41,0,0,,,,,,,,,,
Andover New Street,20:00,9,Moore,Shot,101,44,111,38,Right,Saved,,,,,,,36,73
Andover New Street,20:12,10,Hibberd,Pressure,89,8,0,0,,,,,,,,,,
Andover New Street,20:14,10,Hibberd,Interception,89,7,0,0,,,,,,,,,,
Andover New Street,20:29,7,Locker,Air Duel,36,9,0,0,,Lost,,,,,,,,
Andover New Street,20:30,5,Scott,Air Duel,26,17,0,0,,Lost,,,,,,,,
Andover New Street,20:33,1,Fredricks,Touch,6,25,0,0,,,,,,,,,,
Andover New Street,20:45,1,Fredricks,Long Kick,7,42,73,60,,,,,,,,,,
Andover New Street,20:48,9,Moore,Air Duel,72,57,0,0,,Won,,,,,,,,
Andover New Street,20:51,8,Williams,Shot,93,59,117,42,Right,Off Target,,,,,,,100,8
Andover New Street,21:26,3,Quashie,Air Duel,50,29,0,0,,Won,,,,,,,,
Andover New Street,21:29,4,Carswell,Head Pass,44,39,57,51,,Complete,,,,,,,,
Andover New Street,21:30,6,Thatcher,Air Duel,55,49,0,0,,Lost,,,,,,,,
Andover New Street,21:31,4,Carswell,Head Pass,48,50,66,45,,Complete,,,,,,,,
Andover New Street,21:35,8,Williams,Offensive Duel,64,40,0,0,,Won,,,,,,,,
Andover New Street,22:09,7,Locker,Free Kick,77,27,103,48,,,,,,,,,,
Andover New Street,22:13,5,Scott,Cross,95,69,105,42,Right,,,,,,,,,
Andover New Street,22:19,6,Thatcher,Head Pass,45,56,18,51,,Complete,,,,,,,,
Andover New Street,22:27,1,Fredricks,Free Kick,17,52,78,67,,,,,,,,,,
Andover New Street,22:31,2,Kaba,Air Duel,80,58,0,0,,Won,,,,,,,,
Andover New Street,22:33,11,Taylor Kelly,Pressure,98,64,0,0,,,,,,,,,,
Andover New Street,22:50,2,Kaba,Throw In,98,78,99,68,,Complete,,,,,,,,
Andover New Street,22:51,8,Williams,Pass,97,68,105,76,,Complete,,,,,,,,
Andover New Street,22:52,2,Kaba,Pass,100,75,93,68,,Complete,,,,,,,,
Andover New Street,22:54,8,Williams,Cross,95,69,109,43,Right,,,true,,,,,,
Andover New Street,22:56,10,Hibberd,Shot,109,41,117,37,Header,Goal,,,,,,,16,75
Andover New Street,23:59,3,Quashie,Head Pass,26,21,40,2,,,,,,true,,,,
Andover New Street,24:11,3,Quashie,Defensive Duel,35,15,0,0,,,,,,,,,,
Andover New Street,24:13,3,Quashie,Interception,24,9,0,0,,,,,,,,,,
Andover New Street,24:14,7,Locker,Pass,26,21,43,10,,Complete,,,,,,,,
Andover New Street,24:18,10,Hibberd,Pass,51,10,84,13,,Complete,,,,,,,,
Andover New Street,24:20,8,Williams,Carry,88,8,105,23,,Complete,,,,,,,,
Andover New Street,24:26,8,Williams,Shot,101,23,104,28,Right,Blocked,,,,,,,,
Andover New Street,24:32,6,Thatcher,Defensive Duel,70,19,0,0,,,,,,,,,,
Andover New Street,24:35,6,Thatcher,Defensive Duel,66,5,0,0,,Lost,,,,,true,,,
Andover New Street,24:49,2,Kaba,Interception,17,54,0,0,,,,,,,,,,
Andover New Street,24:50,10,Hibberd,Interception,24,52,0,0,,,,,,,,,,
Andover New Street,24:56,8,Williams,Pressure,30,26,0,0,,,,,,,,,,
Andover New Street,24:59,1,Fredricks,Interception,11,41,0,0,,,,,,,,,,
Andover New Street,25:18,1,Fredricks,Long Kick,16,52,74,65,,Complete,,,,,,,,
Andover New Street,25:21,10,Hibberd,Air Duel,73,61,0,0,,Lost,,,,,,,,
Andover New Street,25:28,5,Scott,Pass,56,56,79,52,,Complete,,,,,,,,
Andover New Street,25:31,8,Williams,Pass,76,56,87,71,,Complete,,,,,,,,
Andover New Street,25:34,10,Hibberd,Offensive Duel,91,69,0,0,,Lost,,,,,true,,,
Andover New Street,25:36,10,Hibberd,Defensive Duel,91,70,0,0,,,,,,,,,,
Andover New Street,25:37,10,Hibberd,Foul,91,71,0,0,,,,,,,,,,
Andover New Street,26:05,5,Scott,Air Duel,32,31,0,0,,Won,,,,,,,,
Andover New Street,26:07,7,Locker,Long Kick,26,27,76,46,,Incomplete,,,,,,,,
Andover New Street,26:12,6,Thatcher,Air Duel,55,33,0,0,,Lost,,,,,,,,
Andover New Street,26:28,2,Kaba,Long Kick,7,42,40,38,,,,,,true,,,,
Andover New Street,26:33,8,Williams,Offensive Duel,34,33,0,0,,Won,,,,,,,,
Andover New Street,26:36,8,Williams,Pass,37,43,49,58,,Complete,,,,,,,,
Andover New Street,26:38,10,Hibberd,Touch,48,59,0,0,,Bad,,,,,,,,
Andover New Street,26:43,10,Hibberd,Interception,71,69,0,0,,,,,,,,,,
Andover New Street,26:42,10,Hibberd,Pressure,70,66,0,0,,,,,,,,,,
Andover New Street,26:46,8,Williams,Offensive Duel,66,47,0,0,,Won,,,,,true,,,
Andover New Street,27:33,7,Locker,Free Kick,65,45,106,23,,,,,,,,,,
Andover New Street,27:37,5,Scott,Air Duel,103,22,0,0,,Lost,,,,,,,,
Andover New Street,28:12,10,Hibberd,Corner,116,2,113,33,,,,,,,,,,
Andover New Street,28:17,7,Locker,Pass,86,18,104,5,,Complete,,,,,,,,
Andover New Street,28:22,10,Hibberd,Offensive Duel,105,11,0,0,,Won,,,,,true,,,
Andover New Street,28:23,10,Hibberd,Cross,114,13,112,36,Right,,,,,,,,,
Andover New Street,28:27,4,Carswell,Air Duel,82,36,0,0,,Won,,,,,,,,
Andover New Street,28:31,8,Williams,Shot,90,46,118,45,Right,Off Target,,,,,,,114,21
Andover New Street,29:00,2,Kaba,Offensive Duel,16,69,0,0,,Won,,,,,,,,
Andover New Street,29:02,2,Kaba,Pass,15,73,31,64,,Incomplete,,,,,,,,
Andover New Street,29:05,6,Thatcher,Defensive Duel,30,47,0,0,,,,,,,,,,
Andover New Street,29:16,7,Locker,Interception,10,11,0,0,,,,,,,,,,
Andover New Street,29:41,10,Hibberd,Interception,4,34,0,0,,,,,,,,,,
Andover New Street,29:42,10,Hibberd,Head Pass,5,34,23,39,,,,,,true,,,,
Andover New Street,29:44,4,Carswell,Long Kick,23,39,50,26,,Incomplete,,,,,,,,
Andover New Street,29:46,9,Moore,Offensive Duel,50,28,0,0,,Won,,,,,,,,
Andover New Street,29:47,9,Moore,Pass,51,30,71,20,,Incomplete,,,true,,,,,
Andover New Street,30:02,3,Quashie,Head Pass,33,23,58,15,,Incomplete,,,,,,,,
Andover New Street,30:38,3,Quashie,Throw In,42,2,47,16,,Complete,,,,,,,,
Andover New Street,30:39,4,Carswell,Pass,44,17,36,7,,Complete,,,,,,,,
Andover New Street,30:40,3,Quashie,Long Kick,41,5,16,51,,Complete,,,,,,,,
Andover New Street,30:46,1,Fredricks,Long Kick,15,49,41,78,,,,,,true,,,,
Andover New Street,31:00,2,Kaba,Air Duel,27,60,0,0,,Lost,,,,,,,,
Andover New Street,31:02,5,Scott,Long Kick,12,53,15,78,,Incomplete,,,,true,,,,
Andover New Street,31:30,4,Carswell,Head Pass,12,40,26,33,,,,,,true,,,,
Andover New Street,31:32,8,Williams,Air Duel,26,34,0,0,,Lost,,,,,,,,
Andover New Street,31:33,5,Scott,Air Duel,10,37,0,0,,Won,,,,true,,,,
Andover New Street,31:41,2,Kaba,Pass,8,46,34,75,,,,,,true,,,,
Andover New Street,31:42,2,Kaba,Interception,8,46,0,0,,,,,,,,,,
Andover New Street,31:46,9,Moore,Pressure,45,75,0,0,,,,,,,,,,
Andover New Street,31:56,8,Williams,Pressure,58,14,0,0,,,,,,,,,,
Andover New Street,31:59,5,Scott,Air Duel,24,28,0,0,,Won,,,,,,,,
Andover New Street,31:59,6,Thatcher,Long Kick,30,33,58,41,,Incomplete,,,,,,,,
Andover New Street,32:06,11,Taylor Kelly,Pressure,31,74,0,0,,,,,,,,,,
Andover New Street,32:14,1,Fredricks,Touch,4,32,0,0,,,,,,,,,,
Andover New Street,32:30,1,Fredricks,Long Kick,16,32,86,28,,Incomplete,,,true,,,,,
Andover New Street,32:38,10,Hibberd,Pass,87,16,105,11,,Complete,,,,,,,,
Andover New Street,32:39,8,Williams,Carry,102,8,114,26,,Complete,,,,,,,,
Andover New Street,32:42,8,Williams,Cross,116,25,116,38,Left,,,,,,,,,
Andover New Street,32:53,2,Kaba,Defensive Duel,28,61,0,0,,,,,,,,,,
Andover New Street,32:56,2,Kaba,Offensive Duel,8,65,0,0,,Won,,,,,true,,,
Andover New Street,33:00,2,Kaba,Offensive Duel,23,68,0,0,,Won,,,,,true,,,
Andover New Street,33:01,2,Kaba,Pass,27,63,36,76,,Complete,,,,,,,,
Andover New Street,33:04,11,Taylor Kelly,Pass,38,76,29,69,,Complete,,,,,,,,
Andover New Street,33:07,2,Kaba,Long Kick,32,67,77,20,,Bad,,,,,,,,
Andover New Street,33:24,3,Quashie,Long Kick,22,12,48,6,,Incomplete,,,,,,,,
Andover New Street,33:28,10,Hibberd,Interception,43,10,0,0,,,,,,,,,,
Andover New Street,33:46,7,Locker,Head Pass,14,12,32,11,,Complete,,,,,,,,
Andover New Street,33:47,3,Quashie,Pass,28,16,39,7,,Incomplete,,,,,,,,
Andover New Street,33:49,10,Hibberd,Offensive Duel,34,10,0,0,,Lost,,,,,,,,
Andover New Street,33:50,3,Quashie,Long Kick,28,17,29,1,,,,,,true,,,,
Andover New Street,34:05,5,Scott,Interception,14,22,0,0,,,,,,,,,,
Andover New Street,34:06,5,Scott,Head Pass,16,24,19,1,,,,,,true,,,,
Andover New Street,34:19,6,Thatcher,Interception,25,22,0,0,,,,,,,,,,
Andover New Street,34:20,6,Thatcher,Head Pass,25,23,48,26,,Complete,,,,,,,,
Andover New Street,34:23,9,Moore,Offensive Duel,49,29,0,0,,Won,,,,,,,,
Andover New Street,34:25,9,Moore,Long Kick,52,21,92,51,,Complete,true,,true,,,,,
Andover New Street,34:28,8,Williams,Touch,92,51,0,0,,,,,,,,,,
Andover New Street,34:30,9,Moore,Shot,102,47,117,34,Right,Off Target,,,,,,,8,75
Andover New Street,35:03,11,Taylor Kelly,Pressure,68,74,0,0,,,,,,,,,,
Andover New Street,35:09,2,Kaba,Offensive Duel,29,71,0,0,,Won,,,,,,,,
Andover New Street,35:34,6,Thatcher,Air Duel,11,38,0,0,,,,,,true,,,,
Andover New Street,35:36,4,Carswell,Air Duel,24,46,0,0,,Won,,,,,,,,
Andover New Street,35:38,8,Williams,Offensive Duel,46,60,0,0,,Won,,,,,true,,,
Andover New Street,36:35,1,Fredricks,Free Kick,36,61,93,25,,,,,,,,,,
Andover New Street,36:46,5,Scott,Pass,27,26,17,24,,Incomplete,,,,,,,,
Andover New Street,36:49,5,Scott,Defensive Duel,10,24,0,0,,,,,,,,,,
Andover New Street,36:53,5,Scott,Defensive Duel,6,21,0,0,,,,,,,,,,
Andover New Street,36:57,5,Scott,Defensive Duel,6,8,0,0,,,,,,,,,,
Andover New Street,37:36,5,Scott,Foul,7,8,0,0,,Yellow Card,,,,,,,,
Andover New Street,38:10,10,Hibberd,Interception,14,28,0,0,,,,,,,,,,
Andover New Street,38:11,4,Carswell,Long Kick,15,43,28,34,,,,,,true,,,,
Andover New Street,38:13,7,Locker,Air Duel,27,33,0,0,,Won,,,,,,,,
Andover New Street,38:16,11,Taylor Kelly,Pass,26,64,67,70,,Complete,,,,,,,,
Andover New Street,38:26,9,Moore,Long Kick,86,71,112,58,,Complete,,,,,,,,
Andover New Street,38:27,4,Carswell,Cross,111,62,108,47,Right,,,,,,,,,
Andover New Street,38:33,6,Thatcher,Pass,62,75,69,66,,Incomplete,,,,,,,,
Andover New Street,38:39,5,Scott,Interception,45,63,0,0,,,,,,,,,,
Andover New Street,38:41,5,Scott,Pass,50,59,39,32,,Complete,,,,,,,,
Andover New Street,38:44,3,Quashie,Offensive Duel,37,34,0,0,,Won,,,,,true,,,
Andover New Street,38:46,3,Quashie,Pass,44,25,52,11,,Complete,,,,,,,,
Andover New Street,38:49,7,Locker,Touch,54,8,0,0,,,,,,,,,,
Andover New Street,38:50,7,Locker,Long Kick,69,14,103,34,,Incomplete,,,true,,,,,
Andover New Street,39:06,4,Carswell,Interception,49,49,0,0,,,,,,,,,,
Andover New Street,39:07,4,Carswell,Pass,48,45,73,64,,Incomplete,,,,,,,,
Andover New Street,39:10,6,Thatcher,Defensive Duel,67,54,0,0,,,,,,,,,,
Andover New Street,39:12,6,Thatcher,Pass,65,54,73,41,,Complete,,,,,,,,
Andover New Street,39:13,10,Hibberd,Pass,69,40,85,44,,Incomplete,,,,,,,,
Andover New Street,39:18,10,Hibberd,Pressure,77,21,0,0,,,,,,,,,,
Andover New Street,39:21,3,Quashie,LBD,18,10,0,0,,,,,,,,,,
Andover New Street,39:44,3,Quashie,Throw In,12,1,6,13,,Complete,,,,,,,,
Andover New Street,39:46,5,Scott,Pass,7,14,8,2,,Incomplete,,,,,,,,
Andover New Street,40:15,3,Quashie,Head Pass,5,22,2,11,,,,,,true,,,,
Andover New Street,40:10,3,Quashie,Interception,4,24,0,0,,,,,,,,,,
Andover New Street,40:34,8,Williams,Air Duel,9,39,0,0,,Won,,,,,,,,
Andover New Street,41:09,1,Fredricks,Goal Kick,5,43,69,64,,,,,,,,,,
Andover New Street,41:14,6,Thatcher,Long Kick,53,56,79,35,,Incomplete,,,,,,,,
Andover New Street,41:16,7,Locker,Air Duel,70,33,0,0,,Lost,,,,,,,,
Andover New Street,41:19,8,Williams,LBD,79,32,0,0,,,,,,,,,,
Andover New Street,41:22,3,Quashie,Head Pass,65,17,87,13,,Incomplete,,,,,,,,
Andover New Street,41:27,6,Thatcher,Air Duel,55,18,0,0,,Lost,,,,,,,,
Andover New Street,41:45,11,Taylor Kelly,Head Pass,34,66,54,56,,Incomplete,,,,,,,,
Andover New Street,42:23,1,Fredricks,Goal Kick,4,40,67,2,,,,,,,,,,
Andover New Street,42:33,5,Scott,Touch,12,21,0,0,,Bad,,,,,,,,
Andover New Street,43:30,1,Fredricks,Goal Kick,5,37,76,33,,,,,,,,,,
Andover New Street,43:36,6,Thatcher,Offensive Duel,64,21,0,0,,Won,,,,,,,,
Andover New Street,43:46,6,Thatcher,Defensive Duel,17,21,0,0,,,,,,,,,,
Andover New Street,43:48,5,Scott,LBD,12,15,0,0,,,,,,,,,,
Andover New Street,43:50,3,Quashie,Pass,10,23,22,10,,Complete,,,,,,,,
Andover New Street,43:52,5,Scott,Pass,25,16,45,19,,Incomplete,,,,,,,,
Andover New Street,43:59,4,Carswell,Pass,18,35,23,27,,Incomplete,,,,,,,,
Andover New Street,44:29,1,Fredricks,Goal Kick,7,36,73,11,,,,,,,,,,
Andover New Street,44:30,10,Hibberd,Air Duel,70,12,0,0,,Won,,,,,,,,
Andover New Street,44:47,11,Taylor Kelly,Pressure,63,66,0,0,,,,,,,,,,
Andover New Street,44:51,2,Kaba,Long Kick,33,62,58,73,,Complete,,,,,,,,
Andover New Street,44:54,11,Taylor Kelly,Touch,54,74,0,0,,Bad,,,,,,,,
Andover New Street,44:58,2,Kaba,Defensive Duel,35,63,0,0,,,,,,,,,,
Andover New Street,45:06,4,Carswell,Long Kick,11,61,48,59,,Complete,,,,,,,,
Andover New Street,45:09,9,Moore,LBD,53,63,0,0,,,,,,,,,,
Andover New Street,45:14,10,Hibberd,Pressure,47,65,0,0,,,,,,,,,,
Andover New Street,45:16,2,Kaba,Interception,30,49,0,0,,,,,,,,,,
Andover New Street,45:19,1,Fredricks,Save,5,39,0,0,Middle,Saved,,,,,,,57,55
Andover New Street,45:35,1,Fredricks,Long Kick,17,51,73,68,,Incomplete,,,,,,,,
Andover New Street,45:47,11,Taylor Kelly,Throw In,70,78,68,69,,Complete,,,,,,,,
Andover New Street,45:48,10,Hibberd,Pass,68,68,74,77,,Complete,,,,,,,,
Andover New Street,45:50,11,Taylor Kelly,Pass,73,76,69,68,,Complete,,,,,,,,
Andover New Street,45:50,10,Hibberd,Offensive Duel,69,70,0,0,,Won,,,,,,,,
Andover New Street,45:55,5,Scott,Pass,46,52,58,37,,Complete,,,,,,,,
Andover New Street,45:55,5,Scott,Interception,48,55,0,0,,,,,,,,,,
Andover New Street,45:57,7,Locker,Pass,55,37,78,46,,Complete,,,,,,,,
Andover New Street,45:59,9,Moore,Pass,71,43,88,41,,Incomplete,,,true,,,,,
Andover New Street,46:06,7,Locker,Pressure,82,21,0,0,,,,,,,,,,
Andover New Street,46:10,9,Moore,Pressure,77,25,0,0,,,,,,,,,,
Andover New Street,46:23,2,Kaba,Defensive Duel,48,56,0,0,,,,,,,,,,
Andover New Street,46:42,4,Carswell,Air Duel,11,36,0,0,,Won,,,,true,,,,
Andover New Street,46:59,3,Quashie,Defensive Duel,29,15,0,0,,,,,,,,,,
Andover New Street,47:00,9,Moore,LBD,27,12,0,0,,,,,,,,,,
Andover New Street,47:24,3,Quashie,Throw In,31,2,66,6,,Incomplete,,,,,,,,
Andover New Street,47:28,8,Williams,LBD,77,6,0,0,,,,,,,,,,
Andover New Street,47:33,10,Hibberd,Throw In,83,1,102,16,,Incomplete,,,,,,,,
Andover New Street,47:58,7,Locker,Throw In,104,1,112,15,,Complete,,,,,,,,
Andover New Street,48:01,10,Hibberd,Pass,115,15,110,5,,Complete,,,,,,,,
Andover New Street,48:03,7,Locker,Cross,109,7,111,31,Left,,,,,,,,,
Andover New Street,48:11,2,Kaba,Defensive Duel,72,58,0,0,,,,,,,,,,
Andover New Street,48:20,1,Fredricks,Interception,11,61,0,0,,,,,,,,,,
Andover New Street,64:49,5,Scott,Head Pass,36,34,51,17,,Incomplete,,,,,,,,
Andover New Street,64:55,7,Locker,Head Pass,37,15,49,26,,Complete,,,,,,,,
Andover New Street,64:57,8,Williams,Air Duel,47,30,0,0,,Lost,,,,,,,,
Andover New Street,65:00,5,Scott,Pass,34,34,44,26,,Incomplete,,,,,,,,
Andover New Street,65:01,6,Thatcher,Air Duel,37,26,0,0,,Lost,,,,,,,,
Andover New Street,65:02,4,Carswell,Head Pass,36,39,50,24,,Complete,,,,,,,,
Andover New Street,65:04,8,Williams,Air Duel,48,23,0,0,,Won,,,,,,,,
Andover New Street,65:06,7,Locker,Pass,38,14,48,14,,Incomplete,,,,,,,,
Andover New Street,65:33,3,Quashie,Throw In,39,1,73,9,,Incomplete,,,,,,,,
Andover New Street,65:36,4,Carswell,Defensive Duel,49,14,0,0,,,,,,,,,,
Andover New Street,65:38,10,Hibberd,Offensive Duel,52,8,0,0,,,,,,,,,,
Andover New Street,65:39,10,Hibberd,Pass,55,7,39,9,,Complete,,,,,,,,
Andover New Street,65:40,3,Quashie,Long Kick,44,8,82,14,,,,,,,,,,
Andover New Street,65:46,5,Scott,Pass,45,36,63,41,,Incomplete,,,,,,,,
Andover New Street,65:48,2,Kaba,Air Duel,55,51,0,0,,Won,,,,,,,,
Andover New Street,65:51,8,Williams,Pass,67,48,79,48,,Incomplete,,,,,,,,
Andover New Street,65:55,15,.,Defensive Duel,44,51,0,0,,,,,,,,,,
Andover New Street,65:57,6,Thatcher,Offensive Duel,49,55,0,0,,,,,,,,,,
Andover New Street,65:58,6,Thatcher,Pass,54,57,72,64,,Complete,,,,,,,,
Andover New Street,66:00,10,Hibberd,Pass,74,67,89,66,,Incomplete,,,,,,,,
Andover New Street,66:04,10,Hibberd,Carry,80,77,84,64,,Complete,,,,,,,,
Andover New Street,66:06,10,Hibberd,Long Kick,85,63,95,28,,Incomplete,,,,,,,,
Andover New Street,66:15,3,Quashie,Defensive Duel,49,14,0,0,,,,,,,,,,
Andover New Street,66:18,10,Hibberd,Long Kick,46,41,97,68,,Complete,,,,,,,,
Andover New Street,66:23,8,Williams,Carry,105,70,107,52,,Complete,,,,,,,,
Andover New Street,66:27,8,Williams,Shot,105,54,120,16,Left,Off Target,,,,,,,2,77
Andover New Street,66:55,5,Scott,Long Kick,34,5,71,13,,Complete,,,,,,,,
Andover New Street,66:59,9,Moore,Offensive Duel,69,13,0,0,,Lost,,,,,true,,,
Andover New Street,67:01,10,Hibberd,Offensive Duel,76,22,0,0,,,,,,,,,,
Andover New Street,67:02,10,Hibberd,Pass,76,24,59,17,,Complete,,,,,,,,
Andover New Street,67:03,4,Carswell,Long Kick,59,28,87,41,,Incomplete,,,,,,,,
Andover New Street,67:06,6,Thatcher,Offensive Duel,72,40,0,0,,Won,,,,,true,,,
Andover New Street,67:10,6,Thatcher,Pass,91,43,106,46,,Incomplete,,,true,,,,,
Andover New Street,67:18,15,.,Head Pass,47,32,40,50,,Complete,,,,,,,,
Andover New Street,67:21,2,Kaba,Long Kick,40,55,80,48,,Incomplete,,,,,,,,
Andover New Street,68:05,1,Fredricks,Goal Kick,5,47,78,58,,,,,,,,,,
Andover New Street,68:15,4,Carswell,Offensive Duel,53,36,0,0,,Won,,,,,,,,
Andover New Street,68:19,4,Carswell,Pass,66,50,87,70,,Complete,,,,,,,,
Andover New Street,68:23,8,Williams,Pass,90,72,98,54,,Complete,,,,,,,,
Andover New Street,68:27,4,Carswell,Pass,94,58,102,51,,Incomplete,,,true,,,,,
Andover New Street,68:38,3,Quashie,Offensive Duel,42,17,0,0,,Won,,,,,true,,,
Andover New Street,68:40,3,Quashie,Pass,50,24,56,8,,Complete,,,,,,,,
Andover New Street,68:43,7,Locker,Long Kick,54,10,90,40,,Incomplete,,,true,,,,,
Andover New Street,68:51,8,Williams,Pressure,88,62,0,0,,,,,,,,,,
Andover New Street,69:10,15,.,Throw In,76,79,89,67,,Complete,,,,,,,,
Andover New Street,69:13,2,Kaba,Air Duel,87,69,0,0,,Lost,,,,,,,,
Andover New Street,69:13,6,Thatcher,Air Duel,78,60,0,0,,Lost,,,,,,,,
Andover New Street,69:15,15,.,Pass,73,72,78,65,,Incomplete,,,,,,,,
Andover New Street,69:17,6,Thatcher,Pass,79,69,86,63,,Complete,,,,,,,,
Andover New Street,69:18,2,Kaba,Carry,82,69,92,53,,Complete,,,,,,,,
Andover New Street,69:21,2,Kaba,Offensive Duel,93,56,0,0,,Won,,,,,true,,,
Andover New Street,69:23,2,Kaba,Shot,93,47,102,43,Left,Blocked,,,,,,,,
Andover New Street,69:27,9,Moore,Offensive Duel,106,18,0,0,,,,,,,,,,
Andover New Street,69:30,9,Moore,Shot,101,20,118,35,Right,Off Target,,,,,,,7,74
Andover New Street,69:50,15,.,Defensive Duel,54,61,0,0,,,,,,,,,,
Andover New Street,69:54,8,Williams,Touch,67,64,0,0,,Bad,,,,,,,,
Andover New Street,70:06,3,Quashie,Interception,29,54,0,0,,,,,,,,,,
Andover New Street,70:07,15,.,Touch,23,53,0,0,,Bad,,,,,,,,
Andover New Street,70:10,15,.,Defensive Duel,21,48,0,0,,,,,,,,,,
Andover New Street,70:11,15,.,Long Kick,23,50,61,39,,Incomplete,,,,,,,,
Andover New Street,70:22,10,Hibberd,Interception,36,6,0,0,,,,,,,,,,
Andover New Street,63:30,11,Taylor Kelly,Subbed Out,57,78,0,0,,,,,,,,,,
Andover New Street,70:18,3,Quashie,Pressure,39,27,0,0,,,,,,,,,,
Andover New Street,70:40,3,Quashie,Offensive Duel,21,12,0,0,,Lost,,,,,true,,,
Andover New Street,70:43,9,Moore,Pass,15,24,42,19,,Complete,,,,,,,,
Andover New Street,70:45,10,Hibberd,Pass,39,16,40,29,,Complete,,,,,,,,
Andover New Street,70:46,8,Williams,Carry,38,26,46,4,,Complete,,,,,,,,
Andover New Street,70:49,8,Williams,Pass,42,4,76,9,,Incomplete,,,,,,,,
Andover New Street,71:10,1,Fredricks,Long Kick,15,35,78,16,,Incomplete,,,,,,,,
Andover New Street,71:18,8,Williams,Defensive Duel,76,11,0,0,,,,,,,,,,
Andover New Street,71:32,3,Quashie,Air Duel,42,9,0,0,,Won,,,,,,,,
Andover New Street,71:38,5,Scott,Long Kick,33,14,43,1,,,,,,true,,,,
Andover New Street,71:38,5,Scott,Interception,36,13,0,0,,,,,,,,,,
Andover New Street,71:49,3,Quashie,LBD,27,7,0,0,,,,,,,,,,
Andover New Street,72:13,1,Fredricks,Goal Kick,6,49,73,70,,,,,,,,,,
Andover New Street,72:19,9,Moore,Pressure,102,45,0,0,,,,,,,,,,
Andover New Street,72:23,6,Thatcher,Defensive Duel,64,54,0,0,,,,,,,,,,
Andover New Street,72:25,2,Kaba,Pass,66,63,67,52,,Complete,,,,,,,,
Andover New Street,72:26,6,Thatcher,Pass,64,53,82,53,,Complete,,,,,,,,
Andover New Street,72:27,8,Williams,Carry,77,58,90,40,,Complete,,,,,,,,
Andover New Street,72:31,8,Williams,Pass,91,39,106,24,,Incomplete,,,true,,,,,
Andover New Street,72:56,10,Hibberd,Corner,117,2,113,41,,,,,,,,,,
Andover New Street,73:03,4,Carswell,Defensive Duel,73,26,0,0,,,,,,,,,,
Andover New Street,73:08,4,Carswell,Foul,76,23,0,0,,,,,,,,,,
Andover New Street,73:18,3,Quashie,Interception,43,14,0,0,,,,,,,,,,
Andover New Street,73:22,3,Quashie,Pass,48,4,55,15,,Complete,,,,,,,,
Andover New Street,73:25,10,Hibberd,Pass,55,16,36,23,,Complete,,,,,,,,
Andover New Street,73:28,5,Scott,Offensive Duel,43,16,0,0,,Won,,,,,true,,,
Andover New Street,73:32,5,Scott,Pass,53,17,47,5,,Complete,,,,,,,,
Andover New Street,73:33,3,Quashie,Pass,48,4,68,7,,Complete,,,,,,,,
Andover New Street,73:39,1,Fredricks,Interception,18,25,0,0,,,,,,,,,,
Andover New Street,74:18,1,Fredricks,Pass,17,32,32,63,,Complete,,,,,,,,
Andover New Street,74:20,15,.,Carry,35,62,65,72,,Complete,,,,,,,,
Andover New Street,74:27,15,.,Long Kick,67,72,95,77,,Complete,,,,,,,,
Andover New Street,74:32,8,Williams,Pass,102,75,95,51,,Complete,,,,,,,,
Andover New Street,74:35,9,Moore,Offensive Duel,95,53,0,0,,,,,,,,,,
Andover New Street,74:36,9,Moore,Pass,95,59,108,57,,Complete,true,,true,,,,,
Andover New Street,74:38,8,Williams,Shot,109,54,118,46,Right,Off Target,,,,,,,114,17
Andover New Street,75:05,2,Kaba,Air Duel,50,71,0,0,,Lost,,,,,,,,
Andover New Street,75:07,2,Kaba,Long Kick,53,75,92,61,,Complete,,,,,,,,
Andover New Street,75:14,9,Moore,Offensive Duel,91,60,0,0,,,,,,,,,,
Andover New Street,75:16,9,Moore,Pass,93,64,95,38,,Complete,,,,,,,,
Andover New Street,75:19,10,Hibberd,Offensive Duel,94,40,0,0,,,,,,,,,,
Andover New Street,75:21,10,Hibberd,Pass,89,38,77,29,,Complete,,,,,,,,
Andover New Street,75:23,7,Locker,Touch,81,33,0,0,,Bad,,,,,,,,
Andover New Street,75:25,6,Thatcher,Defensive Duel,83,43,0,0,,,,,,,,,,
Andover New Street,75:28,4,Carswell,Carry,88,35,104,26,,,,,,,,,,
Andover New Street,75:29,4,Carswell,Shot,103,27,119,39,Left,Saved,,,,,,,49,21
Andover New Street,75:57,7,Locker,Corner,117,78,113,55,,,,,,,,,,
Andover New Street,76:00,8,Williams,Pass,112,56,107,68,,Complete,,,,,,,,
Andover New Street,76:00,7,Locker,Cross,106,69,111,31,Left,,,,,,,,,
Andover New Street,76:02,9,Moore,Air Duel,110,33,0,0,,Lost,,,,,,,,
Andover New Street,76:35,10,Hibberd,Corner,116,2,111,47,,,true,,,,,,,
Andover New Street,76:35,15,.,Air Duel,111,47,0,0,,Won,,,,,,,,
Andover New Street,76:36,15,.,Shot,110,45,118,46,Header,Off Target,,,,,,,115,75
Andover New Street,77:04,2,Kaba,Offensive Duel,24,59,0,0,,,,,,,,,,
Andover New Street,77:09,2,Kaba,Pass,38,48,49,24,,Complete,,,,,,,,
Andover New Street,77:11,7,Locker,Offensive Duel,48,29,0,0,,,,,,,,,,
Andover New Street,77:16,7,Locker,Pass,44,23,74,14,,Incomplete,,,,,,,,
Andover New Street,77:15,7,Locker,Interception,47,22,0,0,,,,,,,,,,
Andover New Street,77:36,3,Quashie,Throw In,68,2,107,9,,Complete,,,,,,,,
Andover New Street,77:39,10,Hibberd,Offensive Duel,101,9,0,0,,,,,,,,,,
Andover New Street,77:42,10,Hibberd,Pass,103,8,81,4,,Complete,,,,,,,,
Andover New Street,77:44,3,Quashie,Pass,79,4,88,15,,Complete,,,,,,,,
Andover New Street,77:46,7,Locker,Pass,86,10,72,23,,Complete,,,,,,,,
Andover New Street,77:49,4,Carswell,Long Kick,78,30,110,67,,Complete,,,,,,,,
Andover New Street,77:54,2,Kaba,Pass,112,67,96,60,,Incomplete,,,,,,,,
Andover New Street,77:57,6,Thatcher,Pressure,92,62,0,0,,,,,,,,,,
Andover New Street,78:17,15,.,Throw In,86,79,109,70,,Complete,,,,,,,,
Andover New Street,78:20,10,Hibberd,Offensive Duel,106,68,0,0,,,,,,,,,,
Andover New Street,78:21,10,Hibberd,Cross,112,67,105,36,Right,,true,,,,,,,
Andover New Street,78:25,9,Moore,Touch,107,38,0,0,,Bad,,,,,,,,
Andover New Street,78:34,15,.,Pass,35,51,48,54,,Complete,,,,,,,,
Andover New Street,78:36,2,Kaba,Pass,51,57,79,40,,Complete,,,,,,,,
Andover New Street,78:39,8,Williams,Touch,83,41,0,0,,Bad,,,,,,,,
Andover New Street,78:44,3,Quashie,Pass,36,16,47,15,,Complete,,,,,,,,
Andover New Street,78:49,7,Locker,Pass,49,7,34,12,,Complete,,,,,,,,
Andover New Street,78:51,3,Quashie,Long Kick,38,11,78,20,,Incomplete,,,,,,,,
Andover New Street,78:53,8,Williams,Interception,75,18,0,0,,,,,,,,,,
Andover New Street,78:56,6,Thatcher,LBD,69,23,0,0,,,,,,,,,,
Andover New Street,79:01,3,Quashie,Air Duel,39,22,0,0,,Won,,,,,,,,
Andover New Street,79:03,4,Carswell,Defensive Duel,43,27,0,0,,,,,,,,,,
Andover New Street,79:06,5,Scott,Interception,34,36,0,0,,,,,,,,,,
Andover New Street,79:09,3,Quashie,Defensive Duel,24,29,0,0,,,,,,,,,,
Andover New Street,79:19,2,Kaba,Interception,8,48,0,0,,,,,,,,,,
Andover New Street,79:21,2,Kaba,Long Kick,8,50,1,52,,,,,,true,,,,
Andover New Street,79:47,1,Fredricks,Air Duel,6,42,0,0,,Won,,,,,,,,
Andover New Street,79:48,1,Fredricks,Save,5,41,0,0,Middle,Saved,,,,,,,36,73
Andover New Street,80:11,1,Fredricks,Long Kick,16,48,67,57,,Complete,,,,,,,,
Andover New Street,80:13,10,Hibberd,Pass,68,58,82,50,,Complete,,,,,,,,
Andover New Street,80:16,8,Williams,Carry,83,54,113,58,,Complete,,,,,,,,
Andover New Street,80:21,8,Williams,Pass,112,56,101,38,,Complete,,,,,,,,
Andover New Street,80:23,9,Moore,LBD,101,39,0,0,,,,,,,,,,
Andover New Street,80:29,3,Quashie,Pressure,72,7,0,0,,,,,,,,,,
Andover New Street,80:34,5,Scott,Air Duel,50,16,0,0,,Lost,,,,,,,,
Andover New Street,80:36,5,Scott,Foul,51,18,0,0,,,,,,,,,,
Andover New Street,81:07,15,.,Air Duel,17,53,0,0,,Won,,,,true,,,,
Andover New Street,82:45,1,Fredricks,Goal Kick,6,37,78,35,,,,,,,,,,
Andover New Street,82:52,10,Hibberd,Defensive Duel,68,31,0,0,,,,,,,,,,
Andover New Street,82:25,9,Moore,Subbed Out,61,79,0,0,,,,,,,,,,
Andover New Street,83:26,1,Fredricks,Free Kick,20,8,77,10,,,,,,,,,,
Andover New Street,83:35,5,Scott,Head Pass,33,23,42,3,,Complete,,,,,,,,
Andover New Street,83:38,3,Quashie,Pass,40,3,30,13,,Complete,,,,,,,,
Andover New Street,83:39,5,Scott,Long Kick,34,14,78,21,,Complete,,,,,,,,
Andover New Street,83:42,21,..,Air Duel,81,23,0,0,,Lost,,,,,,,,
Andover New Street,83:44,10,Hibberd,Carry,69,9,87,12,,Complete,,,,,,,,
Andover New Street,83:48,10,Hibberd,Pass,83,10,105,15,,Complete,,,,,,,,
Andover New Street,83:50,7,Locker,Cross,105,12,107,16,Left,Blocked,,,,,,,,
Andover New Street,84:11,8,Williams,Pressure,92,68,0,0,,,,,,,,,,
Andover New Street,84:19,2,Kaba,Long Kick,17,73,51,68,,Complete,,,,,,,,
Andover New Street,84:21,8,Williams,Head Pass,52,69,74,69,,Complete,,,,,,,,
Andover New Street,84:23,21,..,Touch,74,68,0,0,,Bad,,,,,,,,
Andover New Street,85:09,1,Fredricks,Goal Kick,5,48,79,69,,,,,,,,,,
Andover New Street,85:14,2,Kaba,Air Duel,76,64,0,0,,Lost,,,,,,,,
Andover New Street,85:18,4,Carswell,Head Pass,44,48,55,49,,Incomplete,,,,,,,,
Andover New Street,85:22,5,Scott,Carry,24,50,9,59,,,,,,,,,,
Andover New Street,85:24,5,Scott,Long Kick,13,58,18,79,,,,,,true,,,,
Andover New Street,85:45,15,.,Air Duel,10,53,0,0,,Won,,,,,,,,
Andover New Street,85:47,4,Carswell,Pass,13,49,32,34,,,,,,true,,,,
Andover New Street,85:51,3,Quashie,Interception,27,25,0,0,,,,,,,,,,
Andover New Street,86:20,1,Fredricks,Interception,8,40,0,0,,,,,,,,,,
Andover New Street,86:22,5,Scott,Long Kick,6,39,32,44,,,,,,true,,,,
Andover New Street,86:28,10,Hibberd,Pressure,28,7,0,0,,,,,,,,,,
Andover New Street,86:30,7,Locker,Long Kick,17,25,77,32,,Incomplete,,,true,,,,,
Andover New Street,86:36,10,Hibberd,Pass,46,5,75,7,,Incomplete,,,,,,,,
Andover New Street,86:39,8,Williams,Carry,57,16,55,39,,Complete,,,,,,,,
Andover New Street,86:42,8,Williams,Pass,55,37,75,59,,Complete,,,,,,,,
Andover New Street,86:44,2,Kaba,Carry,69,59,86,50,,,,,,,,,,
Andover New Street,86:52,4,Carswell,Cross,94,59,113,38,Right,Bad,,,,,,,,
Andover New Street,87:01,5,Scott,Air Duel,53,42,0,0,,Won,,,,,,,,
Andover New Street,87:03,6,Thatcher,Long Kick,42,55,80,36,,Complete,,,,,,,,
Andover New Street,87:06,21,..,Air Duel,84,41,0,0,,Won,,,,,,,,
Andover New Street,87:07,21,..,Offside,85,39,0,0,,,,,,,,,,
Andover New Street,88:14,15,.,Air Duel,11,36,0,0,,Won,,,,true,,,,
Andover New Street,88:17,8,Williams,Long Kick,25,38,63,79,,,,,,true,,,,
Andover New Street,89:07,15,.,Pass,29,59,48,64,,Incomplete,,,,,,,,
Andover New Street,89:10,21,..,Pass,56,62,43,68,,Complete,,,,,,,,
Andover New Street,89:11,8,Williams,Offensive Duel,48,64,0,0,,Won,,,,,,,,
Andover New Street,89:14,6,Thatcher,LBD,53,55,0,0,,,,,,,,,,
Andover New Street,89:16,6,Thatcher,Pass,71,59,84,31,,Incomplete,,,,,,,,
Andover New Street,89:21,10,Hibberd,Pressure,102,30,0,0,,,,,,,,,,
Andover New Street,89:25,2,Kaba,Air Duel,70,66,0,0,,Won,,,,,,,,
Andover New Street,89:28,2,Kaba,Pass,72,73,80,64,,Incomplete,,,,,,,,
Andover New Street,89:33,5,Scott,Air Duel,37,45,0,0,,Won,,,,,,,,
Andover New Street,89:48,1,Fredricks,Long Kick,16,52,80,34,,Incomplete,,,,,,,,
Andover New Street,90:03,15,.,Defensive Duel,40,52,0,0,,,,,,,,,,
Andover New Street,90:08,3,Quashie,Pressure,49,22,0,0,,,,,,,,,,
Andover New Street,90:11,5,Scott,Defensive Duel,15,32,0,0,,,,,,,,,,
Andover New Street,90:50,1,Fredricks,Goal Kick,4,47,69,58,,,,,,,,,,
Andover New Street,90:53,10,Hibberd,Air Duel,72,58,0,0,,Won,,,,,,,,
Andover New Street,91:03,8,Williams,Pressure,103,64,0,0,,,,,,,,,,
Andover New Street,91:07,7,Locker,Air Duel,54,33,0,0,,Won,,,,,,,,
Andover New Street,91:14,1,Fredricks,Interception,18,31,0,0,,,,,,,,,,
Andover New Street,91:25,1,Fredricks,Long Kick,19,22,72,8,,,,,,,,,,
Andover New Street,91:28,10,Hibberd,Air Duel,77,11,0,0,,,,,,,,,,
Andover New Street,91:33,21,..,Defensive Duel,104,10,0,0,,,,,,,,,,
Andover New Street,91:53,4,Carswell,LBD,52,28,0,0,,,,,,,,,,
Andover New Street,92:00,4,Carswell,Offensive Duel,85,34,0,0,,,,,,,,,,
Andover New Street,91:54,4,Carswell,Carry,57,29,86,36,,,,,,,,,,
Andover New Street,92:02,4,Carswell,Offensive Duel,90,52,0,0,,,,,,,,,,
Andover New Street,92:04,4,Carswell,Offensive Duel,97,56,0,0,,,,,,,,,,
Andover New Street,92:05,4,Carswell,Shot,104,55,118,32,Right,Off Target,,,,,,,4,74
Andover New Street,92:37,6,Thatcher,Defensive Duel,68,62,0,0,,,,,,,,,,
Andover New Street,92:40,8,Williams,Pass,82,54,96,50,,Complete,,,,,,,,
Andover New Street,92:41,21,..,Pass,96,53,97,38,,Complete,true,,,,,,,
Andover New Street,92:43,8,Williams,Shot,102,36,117,43,Left,Saved,,,,,,,104,74
Andover New Street,93:01,6,Thatcher,Defensive Duel,68,55,0,0,,,,,,,,,,
Andover New Street,93:07,3,Quashie,Carry,29,45,17,57,,Complete,,,,,,,,
Andover New Street,93:08,3,Quashie,Pass,17,56,39,70,,Complete,,,,,,,,
Andover New Street,93:11,2,Kaba,Offensive Duel,41,67,0,0,,Lost,,,,,true,,,
Andover New Street,93:15,2,Kaba,Defensive Duel,48,64,0,0,,,,,,,,,,
Andover New Street,93:18,2,Kaba,Defensive Duel,45,68,0,0,,Lost,,,,,true,,,
Andover New Street,93:23,4,Carswell,Interception,27,55,0,0,,,,,,,,,,
Andover New Street,93:25,15,.,Long Kick,19,54,51,48,,Incomplete,,,,,,,,
Andover New Street,93:54,1,Fredricks,Long Kick,16,37,78,3,,Incomplete,,,,,,,,
Andover New Street,94:09,6,Thatcher,Pass,36,37,72,20,,Complete,,,,,,,,
Andover New Street,94:12,21,..,Pass,68,31,77,27,,Incomplete,,,,,,,,
Andover New Street,94:24,3,Quashie,Head Pass,33,15,16,42,,Complete,,,,,,,,
Andover New Street,94:42,1,Fredricks,Long Kick,17,44,77,30,,Incomplete,,,,,,,,
Andover New Street,94:44,15,.,Pass,35,53,74,52,,Complete,,,,,,,,
Andover New Street,94:47,8,Williams,Pass,71,51,87,46,,Incomplete,,,,,,,,
Andover New Street,94:59,6,Thatcher,Defensive Duel,36,60,0,0,,Lost,,,,,true,,,
Andover New Street,95:05,1,Fredricks,Save,6,42,0,0,Middle,Saved,,,,,,,41,71
Andover New Street,95:08,5,Scott,Pass,5,46,27,69,,Complete,,,,,,,,
Andover New Street,95:11,2,Kaba,Pass,24,61,7,68,,Complete,,,,,,,,
Andover New Street,95:13,5,Scott,Pass,8,71,20,73,,Incomplete,,,,,,,,
Andover New Street,96:07,15,.,Throw In,14,78,33,73,,Complete,,,,,,,,
Andover New Street,96:09,2,Kaba,Air Duel,30,73,0,0,,Won,,,,,,,,
Andover New Street,96:11,4,Carswell,Long Kick,23,70,69,35,,Incomplete,,,,,,,,
Andover New Street,96:11,4,Carswell,Interception,30,68,0,0,,,,,,,,,,
Andover New Street,96:21,8,Williams,Pressure,88,27,0,0,,,,,,,,,,
Andover New Street,96:28,3,Quashie,Air Duel,53,31,0,0,,Won,,,,,,,,
Andover New Street,96:29,10,Hibberd,Carry,62,35,79,57,,,,,,,,,,
Andover New Street,96:34,10,Hibberd,Offensive Duel,79,54,0,0,,,,,,,,,,
Andover New Street,97:11,15,.,Free Kick,73,59,99,50,,,,,,,,,,
Andover New Street,97:15,2,Kaba,LBD,112,53,0,0,,,,,,,,,,
Andover New Street,97:17,2,Kaba,Foul,112,51,0,0,,,,,,,,,,
Andover New Street,97:27,3,Quashie,Air Duel,46,36,0,0,,Lost,,,,,,,,
Andover New Street,97:31,15,.,Long Kick,32,52,84,44,,Incomplete,,,,,,,,
Andover New Street,97:42,8,Williams,Shot,96,36,117,41,Right,Saved,,,,,,,95,75
Andover New Street,97:44,10,Hibberd,Shot,112,53,113,49,Right,Blocked,,,,,,,,
Andover New Street,98:25,7,Locker,Corner,117,78,108,39,,,,,,,,,,
Andover New Street,98:36,7,Locker,Defensive Duel,110,71,0,0,,,,,,,,,,
Andover New Street,99:03,2,Kaba,Throw In,103,79,101,65,,Complete,,,,,,,,
Andover New Street,99:04,10,Hibberd,Pass,102,65,104,75,,Complete,,,,,,,,
Andover New Street,99:06,2,Kaba,Offensive Duel,103,74,0,0,,Won,,,,,true,,,
Andover New Street,99:56,7,Locker,Free Kick,104,70,113,35,,,true,,,,,,,
Andover New Street,99:58,8,Williams,Shot,112,42,118,33,Header,Off Target,,,,,,,5,44
Andover New Street,100:18,3,Quashie,Pass,45,28,63,34,,Complete,,,,,,,,
Andover New Street,100:25,8,Williams,Offensive Duel,68,40,0,0,,,,,,,,,,
Andover New Street,100:55,3,Quashie,Free Kick,66,39,89,21,,,,,,,,,,
Andover New Street,101:00,15,.,Long Kick,63,44,99,34,,,,,true,,,,,
Andover New Street,101:10,3,Quashie,Defensive Duel,42,32,0,0,,,,,,,,,,
Andover New Street,101:12,6,Thatcher,Pass,46,36,87,28,,Incomplete,,,,,,,,
Andover New Street,101:30,4,Carswell,Interception,16,50,0,0,,,,,,,,,,
Andover New Street,101:33,4,Carswell,Offensive Duel,11,66,0,0,,,,,,,,,,
Andover New Street,101:35,4,Carswell,Long Kick,6,65,26,79,,,,,,true,,,,
Andover New Street,101:48,6,Thatcher,Pass,33,48,56,47,,Complete,,,,,,,,
Andover New Street,101:50,21,..,Carry,60,50,90,28,,Complete,,,,,,,,
Andover New Street,101:53,21,..,Pass,87,33,96,48,,Complete,,,,,,,,
Andover New Street,101:54,10,Hibberd,Shot,95,49,118,46,Left,Off Target,,,,,,,113,77
Andover New Street,102:16,5,Scott,Head Pass,32,48,56,60,,Complete,,,,,,,,
Andover New Street,102:19,10,Hibberd,Offensive Duel,57,63,0,0,,,,,,,,,,
Andover New Street,102:42,15,.,Free Kick,49,62,104,70,,,,,,,,,,
Andover New Street,102:47,2,Kaba,LBD,101,73,0,0,,,,,,,,,,
Andover New Street,102:51,21,..,Pass,107,68,95,75,,Complete,,,,,,,,
Andover New Street,102:52,2,Kaba,Pass,101,75,109,69,,Complete,,,,,,,,
Andover New Street,102:52,21,..,Pass,108,71,97,65,,Complete,,,,,,,,
Andover New Street,102:54,2,Kaba,Touch,101,69,0,0,,Bad,,,,,,,,
Andover New Street,102:59,21,..,Interception,106,70,0,0,,,,,,,,,,
Andover New Street,103:04,6,Thatcher,Pass,86,59,98,51,,Complete,,,,,,,,
Andover New Street,103:07,10,Hibberd,Pass,102,55,113,54,,Complete,,,,,,,,
Andover New Street,103:10,21,..,Pass,113,65,103,48,,Complete,,,,,,,,
Andover New Street,103:11,10,Hibberd,Touch,105,51,0,0,,Bad,,,,,,,,
Andover New Street,103:13,8,Williams,Shot,102,33,110,38,Right,Blocked,,,,,,,,
Andover New Street,103:18,15,.,Long Kick,84,36,110,42,,Incomplete,,,true,,,,,
Andover New Street,103:31,7,Locker,Air Duel,52,12,0,0,,,,,,true,,,,
Andover New Street,103:42,15,.,Head Pass,18,47,44,57,,,,,,true,,,,
Andover New Street,103:42,15,.,Interception,18,49,0,0,,,,,,,,,,
Andover New Street,103:58,7,Locker,Defensive Duel,28,13,0,0,,,,,,,,,,
Andover New Street,104:00,7,Locker,Pass,8,10,12,11,,,,,,,,,,
Andover New Street,104:27,3,Quashie,Throw In,11,2,36,6,,Incomplete,,,,,,,,
Andover New Street,104:30,10,Hibberd,Long Kick,32,12,48,2,,,,,,true,,,,
Andover New Street,104:38,5,Scott,Interception,19,24,0,0,,,,,,,,,,
Andover New Street,104:41,15,.,Pass,17,38,26,33,,Incomplete,,,,,,,,
Andover New Street,105:14,1,Fredricks,Goal Kick,5,38,65,2,,,,,,,,,,
Andover New Street,105:30,5,Scott,Pass,33,23,46,19,,Incomplete,,,,,,,,
Andover New Street,105:38,15,.,Pass,15,46,7,64,,,,,,true,,,,
Andover New Street,105:44,15,.,Long Kick,13,53,1,60,,,,,,true,,,,
Andover New Street,105:42,15,.,Interception,8,57,0,0,,,,,,,,,,
Andover New Street,106:12,15,.,Air Duel,9,44,0,0,,Lost,,,,,,,,
Andover New Street,106:53,1,Fredricks,Goal Kick,7,48,76,71,,,,,,,,,,
Andover New Street,106:56,10,Hibberd,Air Duel,78,68,0,0,,Won,,,,,,,,
Andover New Street,107:39,10,Hibberd,Subbed Out,59,78,0,0,,,,,,,,,,
Andover New Street,107:58,2,Kaba,Pressure,77,72,0,0,,,,,,,,,,
Andover New Street,108:04,15,.,Defensive Duel,22,65,0,0,,Lost,,,,,true,,,
Andover New Street,108:07,15,.,Foul,25,67,0,0,,,,,,,,,,
Andover New Street,108:43,1,Fredricks,Save,6,37,0,0,Left,Saved,,,,,,,100,40
Andover New Street,108:44,6,Thatcher,Long Kick,18,47,24,78,,,,,,true,,,,
Andover New Street,109:06,15,.,Head Pass,10,55,19,73,,,,,,true,,,,
Andover New Street,109:06,15,.,Interception,9,54,0,0,,,,,,,,,,
Andover New Street,109:12,4,Carswell,Air Duel,15,49,0,0,,,,,,true,,,,
Andover New Street,109:15,6,Thatcher,Pass,34,47,40,62,,Incomplete,,,,,,,,
Andover New Street,109:21,8,Williams,Defensive Duel,41,50,0,0,,Lost,,,,,true,,,
Andover New Street,109:23,1,Fredricks,Save,6,41,0,0,Left,Goal,,,,,,,83,50
Andover New Street,110:01,21,..,Pass,59,40,37,41,,Complete,,,,,,,,
Andover New Street,110:04,15,.,Long Kick,37,44,78,13,,Incomplete,,,,,,,,
Andover New Street,110:19,5,Scott,Head Pass,30,37,39,45,,Incomplete,,,,,,,,
Andover New Street,110:48,1,Fredricks,Goal Kick,4,40,74,16,,,,,,,,,,
Andover New Street,110:51,21,..,Air Duel,79,21,0,0,,Lost,,,,,,,,
Andover New Street,110:52,14,...,LBD,62,36,0,0,,,,,,,,,,
Andover New Street,110:54,14,...,Pass,68,34,65,17,,Complete,,,,,,,,
Andover New Street,110:59,4,Carswell,Pass,70,22,83,14,,Complete,,,,,,,,
Andover New Street,111:01,14,...,Pass,73,23,99,11,,Incomplete,,,,,,,,
Andover New Street,111:06,21,..,Defensive Duel,112,9,0,0,,,,,,,,,,
Andover New Street,111:08,21,..,Offensive Duel,113,15,0,0,,,,,,,,,,
Andover New Street,111:54,7,Locker,Free Kick,112,13,112,39,,,,,,,,,,
Andover New Street,111:56,2,Kaba,Pass,112,36,106,43,,Incomplete,,,,,,,,
Andover New Street,112:25,2,Kaba,Throw In,101,79,90,63,,Complete,,,,,,,,
Andover New Street,112:28,4,Carswell,Pass,92,68,108,66,,Complete,,,,,,,,
Andover New Street,112:29,2,Kaba,Cross,108,68,104,37,Right,,,,,,,,,
Andover New Street,112:36,14,...,Offensive Duel,89,62,0,0,,Won,,,,,true,,,
Andover New Street,112:33,4,Carswell,Pass,90,56,86,66,,Complete,,,,,,,,
Andover New Street,112:41,2,Kaba,Pass,102,66,99,46,,Complete,true,,,,,,,
Andover New Street,112:42,21,..,Shot,98,47,118,33,Left,Off Target,,,,,,,5,17
Andover New Street,113:09,21,..,Pressure,88,54,0,0,,,,,,,,,,
Andover New Street,113:11,15,.,Head Pass,32,60,55,73,,Complete,,,,,,,,
Andover New Street,113:18,21,..,Touch,56,77,0,0,,Bad,,,,,,,,
Andover New Street,113:30,8,Williams,Pressure,45,19,0,0,,,,,,,,,,
Andover New Street,113:38,6,Thatcher,Interception,12,24,0,0,,,,,,true,,,,
Andover New Street,114:07,3,Quashie,Air Duel,7,42,0,0,,Won,,,,,,,,
Andover New Street,114:11,3,Quashie,Head Pass,7,45,23,55,,,,,,true,,,,
Andover New Street,114:15,21,..,Defensive Duel,29,60,0,0,,Lost,,,,,true,,,
Andover New Street,114:16,21,..,Foul,30,54,0,0,,,,,,,,,,
Andover New Street,114:58,4,Carswell,Interception,24,53,0,0,,,,,,,,,,