Team,Time,Jersey,Player,Event,X,Y,endX,endY,Foot,Outcome,Key Pass,Assist,Through Pass,Clearance,Take On,Hand Foul,Goal Area
Sudeva FC,3:59,20,Eddie Zothanmawia ,Pressure,89,25,0,0,,,,,,,,,
Sudeva FC,4:04,11,Mayengbam Lanchenba Luwang,Interception,62,14,0,0,,,,,,,,,
Sudeva FC,4:07,11,Mayengbam Lanchenba Luwang,Offensive Duel,75,7,0,0,,Lost,,,,,,,
Sudeva FC,4:13,26,Longjam Christson Singh,Defensive Duel,37,15,0,0,,Won,,,,,,,
Sudeva FC,4:50,21,Samir Thapa,Goal Kick,6,48,66,72,,,,,,,,,
Sudeva FC,5:08,4,Moirangthem Manithoiba Meitei,Throw In,86,78,73,68,,,,,,,,,
Sudeva FC,5:09,26,Longjam Christson Singh,Touch,74,69,0,0,,Bad,,,,,,,
Sudeva FC,5:37,21,Samir Thapa,Long Kick,19,39,66,64,,Incomplete,,,,,,,
Sudeva FC,5:48,4,Moirangthem Manithoiba Meitei,Throw In,72,79,74,64,,,,,,,,,
Sudeva FC,5:54,15,Pukar Dulal,Offensive Duel,79,75,0,0,,Won,,,,,,,
Sudeva FC,5:55,15,Pukar Dulal,Offensive Duel,77,71,0,0,,Won,,,,,,,
Sudeva FC,6:10,4,Moirangthem Manithoiba Meitei,Head Pass,35,74,51,74,,Complete,,,,,,,
Sudeva FC,6:14,15,Pukar Dulal,Offensive Duel,56,70,0,0,,Won,,,,,,,
Sudeva FC,6:15,15,Pukar Dulal,Offensive Duel,52,65,0,0,,Won,,,,,,,
Sudeva FC,6:16,15,Pukar Dulal,Pass,52,69,37,75,,Complete,,,,,,,
Sudeva FC,6:17,4,Moirangthem Manithoiba Meitei,Pass,32,76,54,56,,Incomplete,,,,,,,
Sudeva FC,6:20,11,Mayengbam Lanchenba Luwang,Defensive Duel,47,55,0,0,,Lost,,,,,,,
Sudeva FC,6:33,11,Mayengbam Lanchenba Luwang,Defensive Duel,38,18,0,0,,Lost,,,,,True,,
Sudeva FC,6:36,25,Leishangthem Donaroy Singh,Pass,18,34,64,53,,,,,,True,,,
Sudeva FC,6:45,4,Moirangthem Manithoiba Meitei,Interception,28,65,0,0,,,,,,,,,
Sudeva FC,6:57,6,Irfan Ahmad Mir,Long Kick,17,33,42,42,,,,,,True,,,
Sudeva FC,7:05,20,Eddie Zothanmawia ,Defensive Duel,53,26,0,0,,Lost,,,,,True,,
Sudeva FC,7:13,11,Mayengbam Lanchenba Luwang,Pass,24,22,41,28,,Complete,,,,,,,
Sudeva FC,7:13,20,Eddie Zothanmawia ,Touch,37,28,0,0,,Bad,,,,,,,
Sudeva FC,7:19,7,Oinam Nirmal Meitei,Pass,30,57,56,41,,Incomplete,,,,,,,
Sudeva FC,7:54,4,Moirangthem Manithoiba Meitei,Head Pass,23,62,30,61,,Incomplete,,,,,,,
Sudeva FC,7:57,15,Pukar Dulal,Pass,29,59,40,40,,Complete,,,,,,,
Sudeva FC,8:00,20,Eddie Zothanmawia ,Offensive Duel,37,42,0,0,,Won,,,,,True,,
Sudeva FC,8:02,20,Eddie Zothanmawia ,Long Kick,46,43,101,48,,Incomplete,,,True,,,,
Sudeva FC,8:23,6,Irfan Ahmad Mir,Throw In,61,1,46,10,,,,,,,,,
Sudeva FC,8:27,25,Leishangthem Donaroy Singh,Long Kick,43,13,91,68,,Complete,,,,,,,
Sudeva FC,8:33,7,Oinam Nirmal Meitei,Offensive Duel,100,67,0,0,,Lost,,,,,True,,
Sudeva FC,8:34,7,Oinam Nirmal Meitei,Defensive Duel,112,65,0,0,,Lost,,,,,,,
Sudeva FC,8:51,26,Longjam Christson Singh,Defensive Duel,39,75,0,0,,Lost,,,,,,,
Sudeva FC,8:57,2,Sagar Patra,Long Kick,26,69,59,79,,Incomplete,,,,True,,,
Sudeva FC,9:09,26,Longjam Christson Singh,Head Pass,34,69,47,58,,Complete,,,,,,,
Sudeva FC,9:11,11,Mayengbam Lanchenba Luwang,Pass,46,53,51,62,,Complete,,,,,,,
Sudeva FC,9:12,15,Pukar Dulal,LBD,49,59,0,0,,Lost,,,,,,,
Sudeva FC,9:16,7,Oinam Nirmal Meitei,Defensive Duel,44,73,0,0,,Won,,,,,True,,
Sudeva FC,9:49,21,Samir Thapa,Goal Kick,6,33,64,33,,,,,,,,,
Sudeva FC,9:56,2,Sagar Patra,Head Pass,26,42,34,41,,Complete,,,,,,,
Sudeva FC,9:57,26,Longjam Christson Singh,Pass,30,42,16,50,,Complete,,,,,,,
Sudeva FC,9:59,2,Sagar Patra,Long Kick,23,52,1,67,,,,,,True,,,
Sudeva FC,10:35,12,R Aarya Krishna,Head Pass,8,54,13,28,,Incomplete,,,,True,,,
Sudeva FC,10:38,25,Leishangthem Donaroy Singh,Interception,10,32,0,0,,,,,,,,,
Sudeva FC,10:39,15,Pukar Dulal,Pass,18,38,24,40,,Incomplete,,,,,,,
Sudeva FC,10:52,21,Samir Thapa,Goal Kick,8,41,13,60,,,,,,,,,
Sudeva FC,10:55,2,Sagar Patra,Long Kick,12,62,87,79,,Incomplete,,,,,,,
Sudeva FC,11:15,7,Oinam Nirmal Meitei,Pass,42,75,41,78,,,,,,True,,,
Sudeva FC,11:26,4,Moirangthem Manithoiba Meitei,Head Pass,24,75,23,73,,Incomplete,,,,,,,
Sudeva FC,11:29,4,Moirangthem Manithoiba Meitei,Offensive Duel,24,72,0,0,,Won,,,,,,,
Sudeva FC,11:47,2,Sagar Patra,Free Kick,24,72,88,59,,,,,,,,,
Sudeva FC,12:01,25,Leishangthem Donaroy Singh,Pass,26,55,46,62,,Complete,,,,,,,
Sudeva FC,12:04,15,Pukar Dulal,Pass,36,62,41,74,,Complete,,,,,,,
Sudeva FC,12:07,7,Oinam Nirmal Meitei,Pass,40,74,20,72,,Complete,,,,,,,
Sudeva FC,12:09,4,Moirangthem Manithoiba Meitei,Long Kick,27,73,53,42,,Incomplete,,,,,,,
Sudeva FC,12:12,20,Eddie Zothanmawia ,Pass,52,41,45,42,,Complete,,,,,,,
Sudeva FC,12:14,15,Pukar Dulal,Pass,42,46,42,39,,Complete,,,,,,,
Sudeva FC,12:16,11,Mayengbam Lanchenba Luwang,Pass,47,38,54,51,,Complete,,,,,,,
Sudeva FC,12:17,15,Pukar Dulal,Offensive Duel,52,49,0,0,,Lost,,,,,True,,
Sudeva FC,12:27,12,R Aarya Krishna,Defensive Duel,34,8,0,0,,Won,,,,,True,,
Sudeva FC,12:28,12,R Aarya Krishna,Carry,30,4,52,5,,,,,,,,,
Sudeva FC,12:31,12,R Aarya Krishna,Pass,51,5,52,24,,Incomplete,,,,,,,
Sudeva FC,12:33,20,Eddie Zothanmawia ,Defensive Duel,52,15,0,0,,Won,,,,,True,,
Sudeva FC,12:59,2,Sagar Patra,Long Kick,37,55,105,79,,,,,,True,,,
Sudeva FC,13:32,11,Mayengbam Lanchenba Luwang,Pass,78,57,91,63,,Incomplete,,,,,,,
Sudeva FC,13:36,15,Pukar Dulal,Offensive Duel,87,65,0,0,,Won,,,,,True,,
Sudeva FC,13:38,15,Pukar Dulal,Pass,86,67,101,76,,Complete,,,,,,,
Sudeva FC,13:42,7,Oinam Nirmal Meitei,Offensive Duel,98,73,0,0,,Won,,,,,True,,
Sudeva FC,13:46,7,Oinam Nirmal Meitei,Cross,114,74,113,62,Right,,,,,,,,
Sudeva FC,13:47,20,Eddie Zothanmawia ,Pressure,114,63,0,0,,,,,,,,,
Sudeva FC,13:54,26,Longjam Christson Singh,Interception,64,60,0,0,,,,,,,,,
Sudeva FC,14:01,4,Moirangthem Manithoiba Meitei,Pass,32,77,23,67,,Complete,,,,,,,
Sudeva FC,14:02,2,Sagar Patra,Pass,25,64,48,70,,Complete,,,,,,,
Sudeva FC,14:05,7,Oinam Nirmal Meitei,Defensive Duel,41,69,0,0,,Won,,,,,,,
Sudeva FC,14:07,7,Oinam Nirmal Meitei,Pass,41,73,50,64,,Complete,,,,,,,
Sudeva FC,14:09,15,Pukar Dulal,Defensive Duel,61,64,0,0,,Lost,,,,,,,
Sudeva FC,14:13,26,Longjam Christson Singh,Interception,45,61,0,0,,,,,,,,,
Sudeva FC,14:46,21,Samir Thapa,Goal Kick,7,31,48,12,,,,,,,,,
Sudeva FC,14:48,12,R Aarya Krishna,LBD,47,21,0,0,,Won,,,,,,,
Sudeva FC,14:50,6,Irfan Ahmad Mir,Long Kick,38,18,93,36,,Incomplete,,,True,,,,
Sudeva FC,15:12,12,R Aarya Krishna,Defensive Duel,45,9,0,0,,Lost,,,,,,,
Sudeva FC,15:14,12,R Aarya Krishna,Foul,46,7,0,0,,,,,,,,,
Sudeva FC,15:45,2,Sagar Patra,Air Duel,12,49,0,0,,Lost,,,,,,,
Sudeva FC,16:19,4,Moirangthem Manithoiba Meitei,Head Pass,2,49,7,34,,Complete,,,,True,,,
Sudeva FC,16:20,6,Irfan Ahmad Mir,Head Pass,7,30,16,19,,,,,,True,,,
Sudeva FC,16:24,15,Pukar Dulal,Pass,8,33,24,31,,Complete,,,,,,,
Sudeva FC,16:26,20,Eddie Zothanmawia ,Pass,21,34,77,34,,,,,,True,,,
Sudeva FC,16:35,20,Eddie Zothanmawia ,Defensive Duel,63,13,0,0,,Lost,,,,,True,,
Sudeva FC,17:00,15,Pukar Dulal,Interception,28,58,0,0,,,,,,,,,
Sudeva FC,17:01,15,Pukar Dulal,Pass,32,63,25,47,,Incomplete,,,,,,,
Sudeva FC,17:16,21,Samir Thapa,Goal Kick,6,31,11,19,,,,,,,,,
Sudeva FC,17:18,25,Leishangthem Donaroy Singh,Long Kick,13,20,50,56,,Incomplete,,,,,,,
Sudeva FC,17:24,26,Longjam Christson Singh,Offensive Duel,36,58,0,0,,Won,,,,,,,
Sudeva FC,17:27,26,Longjam Christson Singh,Pass,37,56,43,46,,Complete,,,,,,,
Sudeva FC,17:29,15,Pukar Dulal,Pass,43,56,47,35,,Incomplete,,,,,,,
Sudeva FC,17:32,11,Mayengbam Lanchenba Luwang,Offensive Duel,42,31,0,0,,Lost,,,,,,,
Sudeva FC,17:32,11,Mayengbam Lanchenba Luwang,Offensive Duel,36,29,0,0,,Won,,,,,,,
Sudeva FC,17:43,2,Sagar Patra,Head Pass,7,40,14,42,,Incomplete,,,,,,,
Sudeva FC,17:59,21,Samir Thapa,Goal Kick,8,34,8,54,,,,,,,,,
Sudeva FC,18:01,2,Sagar Patra,Pass,7,56,17,73,,Complete,,,,,,,
Sudeva FC,18:05,4,Moirangthem Manithoiba Meitei,Offensive Duel,15,72,0,0,,Won,,,,,True,,
Sudeva FC,18:11,21,Samir Thapa,Save,4,42,0,0,Right,Saved,,,,,,,Left
Sudeva FC,18:20,21,Samir Thapa,Long Kick,18,54,64,65,,Incomplete,,,,,,,
Sudeva FC,18:24,26,Longjam Christson Singh,Pass,38,60,57,62,,Complete,,,,,,,
Sudeva FC,18:26,15,Pukar Dulal,Offensive Duel,61,63,0,0,,Won,,,,,,,
Sudeva FC,18:27,15,Pukar Dulal,Pass,54,60,31,45,,Complete,,,,,,,
Sudeva FC,18:32,25,Leishangthem Donaroy Singh,Pass,29,49,52,54,,Complete,,,,,,,
Sudeva FC,18:34,15,Pukar Dulal,Pass,52,56,64,39,,Complete,,,,,,,
Sudeva FC,18:35,20,Eddie Zothanmawia ,Offensive Duel,65,40,0,0,,Won,,,,,,,
Sudeva FC,18:36,20,Eddie Zothanmawia ,Pass,63,39,53,30,,Complete,,,,,,,
Sudeva FC,18:39,11,Mayengbam Lanchenba Luwang,Offensive Duel,53,36,0,0,,Won,,,,,True,,
Sudeva FC,18:41,11,Mayengbam Lanchenba Luwang,Pass,55,42,72,35,,Complete,,,,,,,
Sudeva FC,18:49,25,Leishangthem Donaroy Singh,Defensive Duel,27,26,0,0,,Lost,,,,,True,,
Sudeva FC,18:53,6,Irfan Ahmad Mir,Pass,16,24,15,1,,,,,,True,,,
Sudeva FC,19:05,6,Irfan Ahmad Mir,Defensive Duel,10,10,0,0,,Lost,,,,,,,
Sudeva FC,19:05,11,Mayengbam Lanchenba Luwang,Defensive Duel,10,11,0,0,,,,,,,,,
Sudeva FC,19:23,25,Leishangthem Donaroy Singh,Interception,22,50,0,0,,,,,,,,,
Sudeva FC,19:29,21,Samir Thapa,Hand Pass,14,39,14,54,,Complete,,,,,,,
Sudeva FC,19:32,2,Sagar Patra,Long Kick,15,57,32,79,,Incomplete,,,,,,,
Sudeva FC,19:44,2,Sagar Patra,Defensive Duel,13,73,0,0,,Lost,,,,,,,
Sudeva FC,19:51,6,Irfan Ahmad Mir,LBD,14,44,0,0,,Lost,,,,,,,
Sudeva FC,19:55,26,Longjam Christson Singh,Pass,27,59,43,46,,Incomplete,,,,,,,
Sudeva FC,19:58,20,Eddie Zothanmawia ,Offensive Duel,38,45,0,0,,Lost,,,,,,,
Sudeva FC,20:00,20,Eddie Zothanmawia ,Pass,40,51,52,75,,Complete,,,,,,,
Sudeva FC,21:53,4,Moirangthem Manithoiba Meitei,Pass,44,66,54,75,,Complete,,,,,,,
Sudeva FC,21:55,7,Oinam Nirmal Meitei,Pass,53,75,61,74,,Incomplete,,,,,,,
Sudeva FC,21:57,7,Oinam Nirmal Meitei,Pressure,57,66,0,0,,,,,,,,,
Sudeva FC,22:05,26,Longjam Christson Singh,Defensive Duel,36,58,0,0,,Won,,,,,,,
Sudeva FC,22:07,26,Longjam Christson Singh,Pass,36,60,54,69,,Complete,,,,,,,
Sudeva FC,22:09,20,Eddie Zothanmawia ,Pass,53,64,51,72,,Complete,,,,,,,
Sudeva FC,22:11,7,Oinam Nirmal Meitei,Pass,50,71,72,71,,Complete,,,,,,,
Sudeva FC,22:18,20,Eddie Zothanmawia ,Pass,114,73,94,76,,Complete,,,,,,,
Sudeva FC,22:20,15,Pukar Dulal,Cross,104,73,112,39,Right,,,,,,,,
Sudeva FC,22:23,12,R Aarya Krishna,Defensive Duel,111,37,0,0,,Lost,,,,,,,
Sudeva FC,22:25,12,R Aarya Krishna,Foul,111,37,0,0,,,,,,,,,
Sudeva FC,23:16,25,Leishangthem Donaroy Singh,Defensive Duel,39,16,0,0,,Lost,,,,,True,,
Sudeva FC,23:26,26,Longjam Christson Singh,Pass,17,27,37,27,,Complete,,,,,,,
Sudeva FC,23:30,15,Pukar Dulal,Pass,38,27,33,45,,Complete,,,,,,,
Sudeva FC,23:34,26,Longjam Christson Singh,Pass,45,38,38,28,,Complete,,,,,,,
Sudeva FC,23:35,15,Pukar Dulal,Pass,41,26,86,6,,Complete,,,,,,,
Sudeva FC,23:43,12,R Aarya Krishna,Pass,94,4,82,15,,Complete,,,,,,,
Sudeva FC,23:45,11,Mayengbam Lanchenba Luwang,Offensive Duel,84,14,0,0,,Lost,,,,,True,,
Sudeva FC,24:04:00,25,Leishangthem Donaroy Singh,Pass,9,16,5,35,,Complete,,,,,,,
Sudeva FC,24:06:00,21,Samir Thapa,Long Kick,6,36,39,16,,Incomplete,,,,,,,
Sudeva FC,24:11:00,11,Mayengbam Lanchenba Luwang,Carry,36,20,49,14,,,,,,,,,
Sudeva FC,24:16:00,11,Mayengbam Lanchenba Luwang,Pass,50,15,67,6,,Complete,,,,,,,
Sudeva FC,24:19:00,12,R Aarya Krishna,Pass,75,5,74,17,,Complete,,,,,,,
Sudeva FC,24:21:00,15,Pukar Dulal,Offensive Duel,73,15,0,0,,Won,,,,,,,
Sudeva FC,24:25:00,15,Pukar Dulal,Pass,65,12,45,29,,Complete,,,,,,,
Sudeva FC,24:29:00,25,Leishangthem Donaroy Singh,Long Kick,43,17,79,70,,Complete,,,,,,,
Sudeva FC,24:32:00,7,Oinam Nirmal Meitei,Touch,83,71,0,0,,Bad,,,,,,,
Sudeva FC,25:07:00,4,Moirangthem Manithoiba Meitei,Throw In,75,78,80,64,,,,,,,,,
Sudeva FC,25:08:00,15,Pukar Dulal,Pass,76,65,95,70,,Incomplete,,,,,,,
Sudeva FC,25:24:00,25,Leishangthem Donaroy Singh,Interception,35,38,0,0,,,,,,,,,
Sudeva FC,25:28:00,15,Pukar Dulal,Defensive Duel,32,31,0,0,,Lost,,,,,,,
Sudeva FC,25:31:00,25,Leishangthem Donaroy Singh,Pass,28,36,44,67,,Incomplete,,,,,,,
Sudeva FC,25:39:00,26,Longjam Christson Singh,Defensive Duel,38,55,0,0,,Lost,,,,,,,
Sudeva FC,25:52:00,11,Mayengbam Lanchenba Luwang,Touch,35,11,0,0,,Bad,,,,,,,
Sudeva FC,25:54:00,25,Leishangthem Donaroy Singh,Interception,18,25,0,0,,,,,,,,,
Sudeva FC,25:55:00,11,Mayengbam Lanchenba Luwang,Carry,28,21,43,36,,,,,,,,,
Sudeva FC,25:59:00,11,Mayengbam Lanchenba Luwang,Offensive Duel,42,40,0,0,,Won,,,,,True,,
Sudeva FC,26:02:00,11,Mayengbam Lanchenba Luwang,Pass,41,50,53,67,,Incomplete,,,,,,,
Sudeva FC,26:11:00,11,Mayengbam Lanchenba Luwang,Defensive Duel,33,22,0,0,,Lost,,,,,,,
Sudeva FC,26:24:00,11,Mayengbam Lanchenba Luwang,Defensive Duel,16,21,0,0,,Lost,,,,,,,
Sudeva FC,27:01:00,20,Eddie Zothanmawia ,Defensive Duel,33,35,0,0,,Won,,,,,True,,
Sudeva FC,27:04:00,20,Eddie Zothanmawia ,Carry,34,37,111,23,,,,,,,,,
Sudeva FC,27:12:00,20,Eddie Zothanmawia ,Shot,107,27,118,34,Left,Off Target,,,,,,,
Sudeva FC,27:47:00,12,R Aarya Krishna,Pass,80,12,91,17,,Incomplete,,,,,,,
Sudeva FC,27:56:00,25,Leishangthem Donaroy Singh,Pass,32,15,16,22,,Complete,,,,,,,
Sudeva FC,27:57:00,21,Samir Thapa,Pass,13,21,29,26,,Incomplete,,,,,,,
Sudeva FC,28:01:00,21,Samir Thapa,Save,6,35,0,0,Middle,Goal,,,,,,,
Sudeva FC,28:46:00,20,Eddie Zothanmawia ,Pass,59,40,44,36,,Complete,,,,,,,
Sudeva FC,28:49:00,15,Pukar Dulal,Pass,41,33,33,5,,Complete,,,,,,,
Sudeva FC,28:55:00,6,Irfan Ahmad Mir,Pass,33,5,33,16,,Complete,,,,,,,
Sudeva FC,28:57:00,11,Mayengbam Lanchenba Luwang,Offensive Duel,34,11,0,0,,Lost,,,,,,,
Sudeva FC,29:00:00,11,Mayengbam Lanchenba Luwang,Offensive Duel,20,22,0,0,,Won,,,,,True,,
Sudeva FC,29:01:00,11,Mayengbam Lanchenba Luwang,Defensive Duel,23,21,0,0,,Lost,,,,,,,
Sudeva FC,29:02:00,25,Leishangthem Donaroy Singh,Interception,16,30,0,0,,,,,,,,,
Sudeva FC,29:05:00,2,Sagar Patra,Pass,14,42,13,72,,Complete,,,,,,,
Sudeva FC,29:09:00,4,Moirangthem Manithoiba Meitei,Pass,10,73,31,67,,Incomplete,,,,,,,
Sudeva FC,29:16:00,15,Pukar Dulal,Defensive Duel,32,56,0,0,,Won,,,,,,,
Sudeva FC,29:31:00,25,Leishangthem Donaroy Singh,Defensive Duel,33,30,0,0,,Lost,,,,,True,,
Sudeva FC,29:32:00,2,Sagar Patra,Pass,29,38,42,56,,Incomplete,,,,,,,
Sudeva FC,29:38:00,4,Moirangthem Manithoiba Meitei,Defensive Duel,19,70,0,0,,Lost,,,,,,,
Sudeva FC,29:58:00,21,Samir Thapa,Goal Kick,5,31,54,21,,,,,,,,,
Sudeva FC,30:01:00,15,Pukar Dulal,Head Pass,47,23,72,12,,Incomplete,,,,,,,
Sudeva FC,30:21:00,6,Irfan Ahmad Mir,Defensive Duel,17,10,0,0,,Lost,,,,,True,,
Sudeva FC,30:24:00,2,Sagar Patra,Interception,12,37,0,0,,,,,,,,,
Sudeva FC,30:54:00,15,Pukar Dulal,Head Pass,19,39,34,6,,,,,,True,,,
Sudeva FC,31:15:00,26,Longjam Christson Singh,Pass,26,43,23,54,,Complete,,,,,,,
Sudeva FC,31:16:00,15,Pukar Dulal,Long Kick,25,56,55,55,,,,,,True,,,
Sudeva FC,31:20:00,20,Eddie Zothanmawia ,Defensive Duel,54,60,0,0,,Lost,,,,,True,,
Sudeva FC,31:31:00,2,Sagar Patra,Offensive Duel,5,66,0,0,,Won,,,,,,,
Sudeva FC,32:01:00,21,Samir Thapa,Goal Kick,7,44,8,59,,,,,,,,,
Sudeva FC,32:03:00,2,Sagar Patra,Long Kick,11,62,50,64,,Incomplete,,,,,,,
Sudeva FC,32:10:00,7,Oinam Nirmal Meitei,Pass,41,74,29,72,,Complete,,,,,,,
Sudeva FC,32:12:00,4,Moirangthem Manithoiba Meitei,Pass,27,71,37,58,,Complete,,,,,,,
Sudeva FC,32:15:00,26,Longjam Christson Singh,Long Kick,37,67,107,74,,Incomplete,,,,,,,
Sudeva FC,32:25:00,7,Oinam Nirmal Meitei,Pressure,107,57,0,0,,,,,,,,,
Sudeva FC,32:40:00,25,Leishangthem Donaroy Singh,Pass,16,50,44,67,,,,,,True,,,
Sudeva FC,32:47:00,6,Irfan Ahmad Mir,Long Kick,18,28,48,38,,,,,,True,,,
Sudeva FC,33:32:00,25,Leishangthem Donaroy Singh,Defensive Duel,12,65,0,0,,Lost,,,,,,,
Sudeva FC,34:17:00,6,Irfan Ahmad Mir,Long Kick,7,16,72,31,,,,,,True,,,
Sudeva FC,34:41:00,6,Irfan Ahmad Mir,Pass,23,7,22,4,,,,,,True,,,
Sudeva FC,34:46:00,6,Irfan Ahmad Mir,Defensive Duel,17,10,0,0,,Lost,,,,,True,,
Sudeva FC,34:47:00,11,Mayengbam Lanchenba Luwang,Interception,14,14,0,0,,,,,,,,,
Sudeva FC,35:30:00,21,Samir Thapa,Goal Kick,7,46,15,24,,,,,,,,,
Sudeva FC,35:32:00,25,Leishangthem Donaroy Singh,Pass,13,25,25,25,,Complete,,,,,,,
Sudeva FC,35:34:00,11,Mayengbam Lanchenba Luwang,Pass,28,28,10,16,,Complete,,,,,,,
Sudeva FC,35:36:00,25,Leishangthem Donaroy Singh,Pass,8,18,22,3,,Complete,,,,,,,
Sudeva FC,35:38:00,6,Irfan Ahmad Mir,Pass,22,3,23,13,,Complete,,,,,,,
Sudeva FC,35:38:00,11,Mayengbam Lanchenba Luwang,Pass,26,13,12,7,,Complete,,,,,,,
Sudeva FC,35:40:00,25,Leishangthem Donaroy Singh,Long Kick,8,13,42,4,,Incomplete,,,,,,,
Sudeva FC,35:43:00,12,R Aarya Krishna,LBD,39,7,0,0,,Lost,,,,,,,
Sudeva FC,35:52:00,6,Irfan Ahmad Mir,Throw In,36,1,54,8,,,,,,,,,
Sudeva FC,35:55:00,12,R Aarya Krishna,Pass,51,7,51,14,,Complete,,,,,,,
Sudeva FC,36:00:00,12,R Aarya Krishna,Pass,55,3,71,12,,Complete,,,,,,,
Sudeva FC,36:00:00,20,Eddie Zothanmawia ,Pass,67,11,82,5,,Complete,,,,,,,
Sudeva FC,36:02:00,12,R Aarya Krishna,Offensive Duel,83,4,0,0,,Lost,,,,,True,,
Sudeva FC,36:05:00,11,Mayengbam Lanchenba Luwang,Offensive Duel,72,4,0,0,,Lost,,,,,,,
Sudeva FC,36:52:00,6,Irfan Ahmad Mir,Free Kick,68,6,118,41,,,,,,,,,
Sudeva FC,37:10:00,2,Sagar Patra,Defensive Duel,44,67,0,0,,Lost,,,,,,,
Sudeva FC,37:12:00,25,Leishangthem Donaroy Singh,Pass,29,55,50,54,,Complete,,,,,,,
Sudeva FC,37:25:00,11,Mayengbam Lanchenba Luwang,Defensive Duel,28,24,0,0,,Lost,,,,,True,,
Sudeva FC,37:29:00,2,Sagar Patra,Interception,17,42,0,0,,,,,,,,,
Sudeva FC,37:47:00,21,Samir Thapa,Goal Kick,8,44,8,59,,,,,,,,,
Sudeva FC,37:48:00,2,Sagar Patra,Pass,12,58,23,73,,Complete,,,,,,,
Sudeva FC,37:51:00,4,Moirangthem Manithoiba Meitei,Offensive Duel,28,69,0,0,,Lost,,,,,True,,
Sudeva FC,37:52:00,2,Sagar Patra,Long Kick,26,58,72,75,,Incomplete,,,,,,,
Sudeva FC,38:33:00,4,Moirangthem Manithoiba Meitei,Throw In,71,78,78,69,,,,,,,,,
Sudeva FC,38:34:00,15,Pukar Dulal,Offensive Duel,78,68,0,0,,Won,,,,,,,
Sudeva FC,38:36:00,15,Pukar Dulal,Offensive Duel,76,67,0,0,,Lost,,,,,,,
Sudeva FC,39:01:00,2,Sagar Patra,Defensive Duel,28,57,0,0,,Lost,,,,,True,,
Sudeva FC,39:17:00,21,Samir Thapa,Goal Kick,7,37,10,21,,,,,,,,,
Sudeva FC,39:19:00,25,Leishangthem Donaroy Singh,Pass,9,23,25,28,,Complete,,,,,,,
Sudeva FC,39:20:00,11,Mayengbam Lanchenba Luwang,Pass,24,28,34,20,,Incomplete,,,,,,,
Sudeva FC,39:40:00,21,Samir Thapa,Goal Kick,7,32,63,30,,,,,,,,,
Sudeva FC,39:46:00,2,Sagar Patra,Air Duel,37,54,0,0,,Won,,,,,,,
Sudeva FC,39:58:00,2,Sagar Patra,Long Kick,34,55,67,75,,Complete,,,,,,,
Sudeva FC,40:01:00,7,Oinam Nirmal Meitei,Pass,63,69,50,73,,Complete,,,,,,,
Sudeva FC,40:02:00,4,Moirangthem Manithoiba Meitei,Long Kick,46,74,84,71,,Complete,,,,,,,
Sudeva FC,40:04:00,15,Pukar Dulal,Offensive Duel,84,69,0,0,,Won,,,,,,,
Sudeva FC,40:07:00,15,Pukar Dulal,Pass,78,68,63,58,,Complete,,,,,,,
Sudeva FC,40:10:00,26,Longjam Christson Singh,Offensive Duel,61,56,0,0,,Lost,,,,,True,,
Sudeva FC,41:06:00,11,Mayengbam Lanchenba Luwang,Defensive Duel,41,23,0,0,,Lost,,,,,,,
Sudeva FC,41:07:00,15,Pukar Dulal,Defensive Duel,52,26,0,0,,Lost,,,,,,,
Sudeva FC,41:08:00,26,Longjam Christson Singh,Pass,46,40,62,13,,Complete,,,,,,,
Sudeva FC,41:11:00,12,R Aarya Krishna,Long Kick,72,15,105,79,,Incomplete,,,,,,,
Sudeva FC,41:29:00,7,Oinam Nirmal Meitei,Defensive Duel,87,75,0,0,,Lost,,,,,True,,
Sudeva FC,41:44:00,11,Mayengbam Lanchenba Luwang,Interception,18,27,0,0,,,,,,,,,
Sudeva FC,42:11:00,4,Moirangthem Manithoiba Meitei,Defensive Duel,23,73,0,0,,Won,,,,,,,
Sudeva FC,42:29:00,21,Samir Thapa,Goal Kick,7,43,8,60,,,,,,,,,
Sudeva FC,42:32:00,2,Sagar Patra,Long Kick,9,60,29,75,,Complete,,,,,,,
Sudeva FC,42:40:00,4,Moirangthem Manithoiba Meitei,Defensive Duel,18,70,0,0,,Lost,,,,,,,
Sudeva FC,42:47:00,4,Moirangthem Manithoiba Meitei,LBD,8,71,0,0,,Won,,,,,,,
Sudeva FC,43:15:00,15,Pukar Dulal,Interception,16,52,0,0,,,,,,,,,
Sudeva FC,43:17:00,20,Eddie Zothanmawia ,Pass,14,58,30,51,,Complete,,,,,,,
Sudeva FC,43:18:00,7,Oinam Nirmal Meitei,Touch,27,53,0,0,,Bad,,,,,,,
Sudeva FC,43:24:00,2,Sagar Patra,Pass,12,60,17,60,,Incomplete,,,,,,,
Sudeva FC,43:35:00,7,Oinam Nirmal Meitei,Pass,16,70,31,68,,,,,,True,,,
Sudeva FC,43:55:00,2,Sagar Patra,Long Kick,26,67,118,70,,Incomplete,,,,,,,
Sudeva FC,44:35:00,4,Moirangthem Manithoiba Meitei,Throw In,75,79,80,72,,,,,,,,,
Sudeva FC,44:36:00,15,Pukar Dulal,Pass,79,66,87,69,,Incomplete,,,,,,,
Sudeva FC,44:40:00,20,Eddie Zothanmawia ,Defensive Duel,77,50,0,0,,Lost,,,,,,,
Sudeva FC,44:43:00,12,R Aarya Krishna,Defensive Duel,71,31,0,0,,Lost,,,,,True,,
Sudeva FC,44:56:00,2,Sagar Patra,Defensive Duel,30,45,0,0,,Lost,,,,,True,,
Sudeva FC,44:59:00,21,Samir Thapa,Save,3,42,0,0,Right,Goal,,,,,,,Top left
Sudeva FC,45:28:00,20,Eddie Zothanmawia ,Pass,59,40,54,38,,Complete,,,,,,,
Sudeva FC,45:31:00,15,Pukar Dulal,Pass,53,41,40,49,,Complete,,,,,,,
Sudeva FC,45:33:00,26,Longjam Christson Singh,Pass,38,50,44,38,,Complete,,,,,,,
Sudeva FC,45:35:00,11,Mayengbam Lanchenba Luwang,Pass,43,34,34,48,,Incomplete,,,,,,,
Sudeva FC,45:37:00,25,Leishangthem Donaroy Singh,Pass,33,36,34,52,,Complete,,,,,,,
Sudeva FC,45:39:00,2,Sagar Patra,Pass,30,59,40,61,,Incomplete,,,,,,,
Sudeva FC,45:44:00,7,Oinam Nirmal Meitei,Defensive Duel,34,64,0,0,,Lost,,,,,,,
Sudeva FC,45:47:00,26,Longjam Christson Singh,Defensive Duel,31,57,0,0,,Lost,,,,,,,
Sudeva FC,45:47:00,15,Pukar Dulal,Defensive Duel,31,53,0,0,,Lost,,,,,,,
Sudeva FC,46:17:00,21,Samir Thapa,Goal Kick,7,49,42,76,,,,,,,,,
Sudeva FC,46:23:00,2,Sagar Patra,Defensive Duel,28,69,0,0,,Lost,,,,,,,
Sudeva FC,46:30:00,12,R Aarya Krishna,Defensive Duel,36,30,0,0,,Lost,,,,,,,
Sudeva FC,46:32:00,12,R Aarya Krishna,Defensive Duel,35,32,0,0,,Lost,,,,,True,,
Sudeva FC,46:33:00,6,Irfan Ahmad Mir,LBD,23,23,0,0,,Lost,,,,,,,
Sudeva FC,46:38:00,6,Irfan Ahmad Mir,Long Kick,18,10,51,24,,,,,,True,,,
Sudeva FC,46:49:00,2,Sagar Patra,Offensive Duel,24,58,0,0,,Won,,,,,,,
Sudeva FC,46:51:00,2,Sagar Patra,Pass,26,60,42,58,,Incomplete,,,,,,,
Sudeva FC,46:56:00,2,Sagar Patra,Interception,22,51,0,0,,,,,,,,,
Sudeva FC,47:00:00,2,Sagar Patra,Pass,22,47,51,32,,Complete,,,,True,,,
Sudeva FC,47:23:00,6,Irfan Ahmad Mir,Defensive Duel,27,13,0,0,,Lost,,,,,True,,
Sudeva FC,47:25:00,2,Sagar Patra,Defensive Duel,17,30,0,0,,Lost,,,,,True,,
Sudeva FC,47:52:00,25,Leishangthem Donaroy Singh,Free Kick,19,23,32,21,,,,,,,,,
Sudeva FC,47:54:00,11,Mayengbam Lanchenba Luwang,Pass,31,22,18,20,,Complete,,,,,,,
Sudeva FC,47:57:00,25,Leishangthem Donaroy Singh,Pass,16,21,33,19,,Complete,,,,,,,
Sudeva FC,47:58:00,11,Mayengbam Lanchenba Luwang,Pass,32,22,33,34,,Complete,,,,,,,
Sudeva FC,48:01:00,26,Longjam Christson Singh,Pass,36,36,45,30,,Complete,,,,,,,
Sudeva FC,48:02:00,15,Pukar Dulal,Pass,45,32,39,25,,Complete,,,,,,,
Sudeva FC,48:03:00,11,Mayengbam Lanchenba Luwang,Long Kick,40,26,53,12,,Complete,,,,,,,
Sudeva FC,48:04:00,12,R Aarya Krishna,Touch,54,15,0,0,,Bad,,,,,,,
Sudeva FC,48:10:00,12,R Aarya Krishna,Defensive Duel,52,13,0,0,,Lost,,,,,,,
Sudeva FC,48:18:00,12,R Aarya Krishna,Pass,65,13,49,26,,Complete,,,,,,,
Sudeva FC,48:19:00,11,Mayengbam Lanchenba Luwang,Pass,49,23,45,7,,Complete,,,,,,,
Sudeva FC,48:24:00,6,Irfan Ahmad Mir,Pass,44,5,46,19,,Complete,,,,,,,
Sudeva FC,48:26:00,11,Mayengbam Lanchenba Luwang,Pass,48,16,70,14,,Complete,,,,,,,
Sudeva FC,48:27:00,15,Pukar Dulal,Offensive Duel,66,12,0,0,,Lost,,,,,,,
Sudeva FC,48:30:00,15,Pukar Dulal,Long Kick,68,20,111,64,,Complete,,,,,,,
Sudeva FC,48:37:00,7,Oinam Nirmal Meitei,Offensive Duel,112,66,0,0,,Won,,,,,,,
Sudeva FC,48:38:00,7,Oinam Nirmal Meitei,Offensive Duel,109,63,0,0,,Won,,,,,True,,
Sudeva FC,48:40:00,7,Oinam Nirmal Meitei,Shot,106,54,112,39,Left,Off Target,,,,,,,
Sudeva FC,49:11:00,25,Leishangthem Donaroy Singh,Pass,25,40,50,48,,Incomplete,,,,,,,
Sudeva FC,49:22:00,26,Longjam Christson Singh,Defensive Duel,32,65,0,0,,Lost,,,,,,,
Sudeva FC,50:21:00,21,Samir Thapa,Goal Kick,6,49,52,68,,,,,,,,,
Sudeva FC,50:13:00,26,Longjam Christson Singh,Subbed Out,56,78,0,0,,,,,,,,,
Sudeva FC,50:39:00,2,Sagar Patra,Head Pass,10,48,37,53,,Complete,,,,True,,,
Sudeva FC,50:47:00,4,Moirangthem Manithoiba Meitei,Defensive Duel,12,70,0,0,,Lost,,,,,,,
Sudeva FC,50:48:00,10,Thangboisat Chongloi,Defensive Duel,13,70,0,0,,Lost,,,,,,,
Sudeva FC,50:55:00,21,Samir Thapa,Save,3,39,0,0,Left,Saved,,,,,,,Right
Sudeva FC,51:04:00,21,Samir Thapa,Long Kick,6,39,86,16,,,,,,True,,,
Sudeva FC,51:14:00,20,Eddie Zothanmawia,Pass,60,40,40,45,,Complete,,,,,,,
Sudeva FC,51:19:00,7,Oinam Nirmal Meitei,Pass,42,46,32,27,,Complete,,,,,,,
Sudeva FC,51:22:00,25,Leishangthem Donaroy Singh,Long Kick,37,39,78,27,,Incomplete,,,,,,,
Sudeva FC,51:32:00,6,Irfan Ahmad Mir,Pass,26,23,45,15,,Complete,,,,,,,
Sudeva FC,51:35:00,12,R Aarya Krishna,Offensive Duel,39,18,0,0,,,,,,,,,
Sudeva FC,52:02:00,25,Leishangthem Donaroy Singh,Free Kick,32,19,93,30,,,,,,,,,
Sudeva FC,52:08:00,12,R Aarya Krishna,Head Pass,69,15,45,16,,Complete,,,,,,,
Sudeva FC,52:09:00,12,R Aarya Krishna,Interception,67,16,0,0,,,,,,,,,
Sudeva FC,52:10:00,25,Leishangthem Donaroy Singh,Long Kick,50,19,79,11,,Complete,,,,,,,
Sudeva FC,52:12:00,7,Oinam Nirmal Meitei,Air Duel,72,14,0,0,,Lost,,,,,,,
Sudeva FC,52:23:00,6,Irfan Ahmad Mir,Throw In,66,2,44,10,,,,,,,,,
Sudeva FC,52:27:00,25,Leishangthem Donaroy Singh,Pass,39,15,39,46,,Complete,,,,,,,
Sudeva FC,52:30:00,2,Sagar Patra,Pass,38,42,58,55,,Incomplete,,,,,,,
Sudeva FC,52:47:00,21,Samir Thapa,Goal Kick,6,34,10,21,,,,,,,,,
Sudeva FC,52:51:00,25,Leishangthem Donaroy Singh,Pass,12,22,19,6,,Complete,,,,,,,
Sudeva FC,52:54:00,6,Irfan Ahmad Mir,Pass,16,9,25,10,,Incomplete,,,,,,,
Sudeva FC,52:59:00,25,Leishangthem Donaroy Singh,Pass,10,14,8,36,,Complete,,,,,,,
Sudeva FC,53:01:00,21,Samir Thapa,Long Kick,6,36,16,1,,Incomplete,,,,,,,
Sudeva FC,53:14:00,6,Irfan Ahmad Mir,Defensive Duel,5,7,0,0,,Lost,,,,,True,,
Sudeva FC,53:26:00,21,Samir Thapa,Goal Kick,5,36,9,20,,,,,,,,,
Sudeva FC,53:29:00,25,Leishangthem Donaroy Singh,Pass,8,20,13,5,,Complete,,,,,,,
Sudeva FC,53:31:00,6,Irfan Ahmad Mir,Pass,10,7,12,14,,Incomplete,,,,,,,
Sudeva FC,53:38:00,6,Irfan Ahmad Mir,Throw In,8,1,10,13,,,,,,,,,
Sudeva FC,53:40:00,25,Leishangthem Donaroy Singh,Long Kick,9,11,36,36,,Incomplete,,,,,,,
Sudeva FC,54:01:00,21,Samir Thapa,Long Kick,17,49,61,72,,Incomplete,,,,,,,
Sudeva FC,54:25:00,4,Moirangthem Manithoiba,Defensive Duel,51,76,0,0,,,,,,,,,
Sudeva FC,54:31:00,4,Moirangthem Manithoiba,Throw In,55,79,43,71,,,,,,,,,
Sudeva FC,54:33:00,2,Sagar Patra,Touch,44,74,0,0,,Bad,,,,,,,
Sudeva FC,54:35:00,2,Sagar Patra,Defensive Duel,47,70,0,0,,,,,,,,,
Sudeva FC,54:44:00,25,Leishangthem Donaroy Singh,Interception,13,54,0,0,,,,,,,,,
Sudeva FC,54:49:00,21,Samir Thapa,Save,5,41,0,0,,Saved,,,,,,,Bottom
Sudeva FC,54:52:00,21,Samir Thapa,Hand Pass,6,39,30,21,,Complete,,,,,,,
Sudeva FC,54:55:00,12,R Aarya Krishna,Pass,27,22,42,33,,Incomplete,,,,,,,
Sudeva FC,55:02:00,12,R Aarya Krishna,Pressure,36,24,0,0,,,,,,,,,
Sudeva FC,55:06:00,12,R Aarya Krishna,Interception,34,14,0,0,,,,,,,,,
Sudeva FC,55:10:00,12,R Aarya Krishna,Pass,33,15,25,21,,Complete,,,,,,,
Sudeva FC,55:12:00,25,Leishangthem Donaroy Singh,Pass,23,21,37,14,,Complete,,,,,,,
Sudeva FC,55:13:00,12,R Aarya Krishna,Pass,31,21,44,15,,Incomplete,,,,,,,
Sudeva FC,55:17:00,12,R Aarya Krishna,Defensive Duel,43,17,0,0,,Lost,,,,,True,,
Sudeva FC,55:22:00,11,Mayengbam Lanchenba,Touch,38,28,0,0,,Bad,,,,,,,
Sudeva FC,55:29:00,4,Moirangthem Manithoiba,Defensive Duel,29,68,0,0,,Lost,,,,,True,,
Sudeva FC,55:29:00,10,Thangboisat Chongloi,Defensive Duel,33,61,0,0,,,,,,,,,
Sudeva FC,55:31:00,7,Oinam Nirmal Meitei,Offensive Duel,38,56,0,0,,,,,,,,,
Sudeva FC,55:50:00,2,Sagar Patra,Free Kick,38,54,76,12,,,,,,,,,
Sudeva FC,55:53:00,12,R Aarya Krishna,Pass,79,20,47,14,,Complete,,,,,,,
Sudeva FC,55:55:00,6,Irfan Ahmad Mir,Pass,51,17,38,36,,Complete,,,,,,,
Sudeva FC,55:59:00,25,Leishangthem Donaroy Singh,Long Kick,37,27,69,67,,,,,,,,,
Sudeva FC,56:05:00,10,Thangboisat Chongloi,Pass,62,65,69,77,,Complete,,,,,,,
Sudeva FC,56:12:00,4,Moirangthem Manithoiba,Offensive Duel,71,76,0,0,,Lost,,,,,True,,
Sudeva FC,56:13:00,4,Moirangthem Manithoiba,Defensive Duel,87,75,0,0,,,,,,,,,
Sudeva FC,56:18:00,4,Moirangthem Manithoiba,Foul,84,75,0,0,,,,,,,,,
Sudeva FC,56:38:00,2,Sagar Patra,Air Duel,53,71,0,0,,Won,,,,,,,
Sudeva FC,56:48:00,6,Irfan Ahmad Mir,Long Kick,27,35,35,78,,,,,,True,,,
Sudeva FC,56:53:00,2,Sagar Patra,Pass,29,76,48,64,,Complete,,,,,,,
Sudeva FC,56:57:00,10,Thangboisat Chongloi,Pass,44,74,43,59,,Complete,,,,,,,
Sudeva FC,56:58:00,7,Oinam Nirmal Meitei,Offensive Duel,44,64,0,0,,,,,,,,,
Sudeva FC,57:06:00,6,Irfan Ahmad Mir,Pass,28,28,49,33,,Complete,,,,,,,
Sudeva FC,57:06:00,6,Irfan Ahmad Mir,Interception,30,25,0,0,,,,,,,,,
Sudeva FC,57:08:00,11,Mayengbam Lanchenba,Pass,45,28,47,13,,Incomplete,,,,,,,
Sudeva FC,57:17:00,20,Eddie Zothanmawia,Pressure,82,22,0,0,,,,,,,,,
Sudeva FC,57:26:00,4,Moirangthem Manithoiba,Interception,67,73,0,0,,,,,,,,,
Sudeva FC,57:27:00,4,Moirangthem Manithoiba,Pass,65,74,78,63,,Complete,,,,,,,
Sudeva FC,57:27:00,10,Thangboisat Chongloi,Touch,69,74,0,0,,Bad,,,,,,,
Sudeva FC,57:40:00,10,Thangboisat Chongloi,Defensive Duel,12,59,0,0,,Lost,,,,,True,,
Sudeva FC,57:51:00,21,Samir Thapa,Free Kick,6,25,10,9,,,,,,,,,
Sudeva FC,57:55:00,6,Irfan Ahmad Mir,Pass,14,12,32,26,,Complete,,,,,,,
Sudeva FC,57:56:00,25,Leishangthem Donaroy Singh,Touch,33,22,0,0,,Bad,,,,,,,
Sudeva FC,57:58:00,11,Mayengbam Lanchenba,LBD,33,17,0,0,,,,,,,,,
Sudeva FC,58:12:00,25,Leishangthem Donaroy Singh,Free Kick,30,17,44,43,,,,,,,,,
Sudeva FC,58:16:00,10,Thangboisat Chongloi,Long Kick,34,33,50,72,,Complete,,,,,,,
Sudeva FC,58:18:00,4,Moirangthem Manithoiba,Carry,47,70,68,68,,,,,,,,,
Sudeva FC,58:22:00,4,Moirangthem Manithoiba,Long Kick,67,72,84,59,,Incomplete,,,,,,,
Sudeva FC,58:27:00,10,Thangboisat Chongloi,Pass,69,54,83,30,,Incomplete,,,,,,,
Sudeva FC,58:32:00,12,R Aarya Krishna,Offensive Duel,83,11,0,0,,,,,,,,,
Sudeva FC,58:35:00,12,R Aarya Krishna,Defensive Duel,68,9,0,0,,,,,,,,,
Sudeva FC,58:39:00,12,R Aarya Krishna,Offensive Duel,54,6,0,0,,,,,,,,,
Sudeva FC,58:47:00,12,R Aarya Krishna,Free Kick,71,7,63,22,,,,,,,,,
Sudeva FC,58:49:00,15,Pukar Dulal,Offensive Duel,57,16,0,0,,,,,,,,,
Sudeva FC,58:51:00,15,Pukar Dulal,Pass,63,12,55,3,,Complete,,,,,,,
Sudeva FC,58:52:00,6,Irfan Ahmad Mir,Pass,53,6,38,21,,Complete,,,,,,,
Sudeva FC,58:54:00,25,Leishangthem Donaroy Singh,Pass,35,17,53,29,,Complete,,,,,,,
Sudeva FC,58:56:00,7,Oinam Nirmal Meitei,Pass,51,27,38,48,,Complete,,,,,,,
Sudeva FC,58:59:00,2,Sagar Patra,Pass,43,39,55,46,,Complete,,,,,,,
Sudeva FC,59:01:00,7,Oinam Nirmal Meitei,Pass,53,45,58,71,,Complete,,,,,,,
Sudeva FC,59:07:00,4,Moirangthem Manithoiba,Carry,54,69,73,69,,,,,,,,,
Sudeva FC,59:07:00,4,Moirangthem Manithoiba,Pass,67,68,86,74,,Complete,,,,,,,
Sudeva FC,59:10:00,10,Thangboisat Chongloi,Pass,80,74,102,73,,Complete,,,,,,,
Sudeva FC,59:13:00,7,Oinam Nirmal Meitei,Cross,97,71,117,42,Right,,,,,,,,
Sudeva FC,59:41:00,20,Eddie Zothanmawia,Pressure,107,25,0,0,,,,,,,,,
Sudeva FC,59:44:00,6,Irfan Ahmad Mir,Air Duel,53,16,0,0,,Won,,,,,,,
Sudeva FC,59:47:00,15,Pukar Dulal,Air Duel,70,29,0,0,,Won,,,,,,,
Sudeva FC,59:51:00,15,Pukar Dulal,Offensive Duel,67,38,0,0,,Won,,,,,True,,
Sudeva FC,59:54:00,15,Pukar Dulal,Pass,73,35,92,12,,Complete,,,,,,,
Sudeva FC,59:57:00,12,R Aarya Krishna,Cross,103,10,109,44,Left,,,,,,,,
Sudeva FC,60:02:00,10,Thangboisat Chongloi,LBD,94,52,0,0,,,,,,,,,
Sudeva FC,60:21:00,4,Moirangthem Manithoiba,Interception,69,75,0,0,,,,,,,,,
Sudeva FC,60:21:00,4,Moirangthem Manithoiba,Pass,65,73,75,54,,Complete,,,,,,,
Sudeva FC,60:24:00,7,Oinam Nirmal Meitei,Touch,74,62,0,0,,Bad,,,,,,,
Sudeva FC,60:28:00,12,R Aarya Krishna,Interception,79,30,0,0,,,,,,,,,
Sudeva FC,60:28:00,12,R Aarya Krishna,Offensive Duel,81,31,0,0,,Lost,,,,,True,,
Sudeva FC,61:15:00,2,Sagar Patra,Interception,13,43,0,0,,,,,,,,,
Sudeva FC,61:15:00,2,Sagar Patra,Pass,13,44,26,36,,,,,,True,,,
Sudeva FC,61:26:00,21,Samir Thapa,Goal Kick,7,45,12,59,,,,,,,,,
Sudeva FC,61:28:00,2,Sagar Patra,Pass,7,53,25,67,,Complete,,,,,,,
Sudeva FC,61:31:00,4,Moirangthem Manithoiba,Offensive Duel,27,68,0,0,,Won,,,,,True,,
Sudeva FC,61:33:00,7,Oinam Nirmal Meitei,Pass,31,61,46,75,,Complete,,,,,,,
Sudeva FC,61:38:00,10,Thangboisat Chongloi,Pass,44,75,49,67,,Incomplete,,,,,,,
Sudeva FC,62:00:00,21,Samir Thapa,Goal Kick,5,33,8,22,,,,,,,,,
Sudeva FC,62:05:00,25,Leishangthem Donaroy Singh,Long Kick,8,25,34,33,,Complete,,,,,,,
Sudeva FC,62:10:00,7,Oinam Nirmal Meitei,Pass,33,48,41,72,,Complete,,,,,,,
Sudeva FC,62:14:00,4,Moirangthem Manithoiba,Long Kick,44,73,92,48,,Complete,,,True,,,,
Sudeva FC,62:23:00,10,Thangboisat Chongloi,Throw In,77,78,75,72,,,,,,,,,
Sudeva FC,62:28:00,10,Thangboisat Chongloi,Offensive Duel,76,75,0,0,,,,,,,,,
Sudeva FC,62:42:00,21,Samir Thapa,Hand Pass,5,41,19,53,,Complete,,,,,,,
Sudeva FC,62:38:00,25,Leishangthem Donaroy Singh,Defensive Duel,11,55,0,0,,,,,,,,,
Sudeva FC,62:44:00,2,Sagar Patra,Pass,21,54,39,54,,Complete,,,,,,,
Sudeva FC,62:47:00,7,Oinam Nirmal Meitei,Long Kick,37,59,61,17,,Complete,,,,,,,
Sudeva FC,62:52:00,12,R Aarya Krishna,Offensive Duel,61,15,0,0,,Won,,,,,True,,
Sudeva FC,62:54:00,12,R Aarya Krishna,Offensive Duel,72,21,0,0,,,,,,,,,
Sudeva FC,62:55:00,12,R Aarya Krishna,Pass,79,21,96,18,,Complete,,,,,,,
Sudeva FC,62:59:00,20,Eddie Zothanmawia,Offside,90,17,0,0,,,,,,,,,
Sudeva FC,63:25:00,12,R Aarya Krishna,Pressure,75,8,0,0,,,,,,,,,
Sudeva FC,63:32:00,2,Sagar Patra,Defensive Duel,33,30,0,0,,,,,,,,,
Sudeva FC,63:35:00,2,Sagar Patra,Foul,29,27,0,0,,,,,,,,,
Sudeva FC,64:36:00,21,Samir Thapa,Goal Kick,5,47,13,61,,,,,,,,,
Sudeva FC,64:39:00,2,Sagar Patra,Long Kick,10,60,55,57,,Complete,,,,,,,
Sudeva FC,64:43:00,20,Eddie Zothanmawia,Pass,57,53,69,62,,Incomplete,,,,,,,
Sudeva FC,65:10:00,7,Oinam Nirmal Meitei,Free Kick,65,56,74,34,,,,,,,,,
Sudeva FC,65:13:00,11,Mayengbam Lanchenba,Pass,77,27,92,7,,Complete,,,,,,,
Sudeva FC,65:17:00,6,Irfan Ahmad Mir,Offensive Duel,86,8,0,0,,,,,,,,,
Sudeva FC,65:19:00,11,Mayengbam Lanchenba,Defensive Duel,77,12,0,0,,Lost,,,,,True,,
Sudeva FC,65:26:00,25,Leishangthem Donaroy Singh,Pass,33,21,44,1,,,,,,True,,,
Sudeva FC,65:40:00,6,Irfan Ahmad Mir,LBD,30,8,0,0,,,,,,,,,
Sudeva FC,65:42:00,11,Mayengbam Lanchenba,LBD,36,12,0,0,,,,,,,,,
Sudeva FC,66:22:00,20,Eddie Zothanmawia,Pressure,93,21,0,0,,,,,,,,,
Sudeva FC,66:34:00,4,Moirangthem Manithoiba,Interception,30,57,0,0,,,,,,,,,
Sudeva FC,66:35:00,4,Moirangthem Manithoiba,Head Pass,30,62,43,58,,Complete,,,,,,,
Sudeva FC,66:36:00,10,Thangboisat Chongloi,Air Duel,38,60,0,0,,Won,,,,,,,
Sudeva FC,66:42:00,7,Oinam Nirmal Meitei,Offensive Duel,43,58,0,0,,,,,,,,,
Sudeva FC,66:48:00,7,Oinam Nirmal Meitei,Pass,53,69,49,56,,Complete,,,,,,,
Sudeva FC,66:50:00,10,Thangboisat Chongloi,Pass,51,63,49,76,,Complete,,,,,,,
Sudeva FC,66:52:00,4,Moirangthem Manithoiba,Pass,53,75,75,66,,Complete,,,,,,,
Sudeva FC,66:54:00,10,Thangboisat Chongloi,Pass,79,65,85,74,,Complete,,,,,,,
Sudeva FC,67:01:00,15,Pukar Dulal,Pass,105,76,92,63,,Complete,,,,,,,
Sudeva FC,67:05:00,7,Oinam Nirmal Meitei,Offensive Duel,85,59,0,0,,,,,,,,,
Sudeva FC,67:08:00,7,Oinam Nirmal Meitei,Pass,85,53,90,26,,Complete,,,,,,,
Sudeva FC,67:10:00,11,Mayengbam Lanchenba,Touch,86,30,0,0,,Bad,,,,,,,
Sudeva FC,67:11:00,11,Mayengbam Lanchenba,Defensive Duel,89,28,0,0,,Lost,,,,,True,,
Sudeva FC,67:20:00,25,Leishangthem Donaroy Singh,Pass,34,18,57,2,,Complete,,,,,,,
Sudeva FC,67:24:00,12,R Aarya Krishna,Offensive Duel,55,5,0,0,,Won,,,,,True,,
Sudeva FC,67:23:00,12,R Aarya Krishna,Carry,56,3,85,6,,,,,,,,,
Sudeva FC,67:27:00,12,R Aarya Krishna,Offensive Duel,84,6,0,0,,,,,,,,,
Sudeva FC,68:43:00,11,Mayengbam Lanchenba,LBD,32,53,0,0,,,,,,,,,
Sudeva FC,68:50:00,4,Moirangthem Manithoiba,Interception,7,53,0,0,,,,,,,,,
Sudeva FC,68:52:00,7,Oinam Nirmal Meitei,Pass,13,48,26,58,,Complete,,,,,,,
Sudeva FC,68:54:00,10,Thangboisat Chongloi,Offensive Duel,28,59,0,0,,Lost,,,,,True,,
Sudeva FC,68:56:00,11,Mayengbam Lanchenba,LBD,26,55,0,0,,,,,,,,,
Sudeva FC,69:00:00,7,Oinam Nirmal Meitei,Pass,26,59,34,70,,Complete,,,,,,,
Sudeva FC,69:03:00,4,Moirangthem Manithoiba,Pass,31,74,39,58,,Complete,,,,,,,
Sudeva FC,69:05:00,10,Thangboisat Chongloi,Pass,39,64,30,74,,Complete,,,,,,,
Sudeva FC,69:06:00,4,Moirangthem Manithoiba,Pass,30,72,46,72,,Complete,,,,,,,
Sudeva FC,69:09:00,10,Thangboisat Chongloi,Pass,37,73,45,62,,Complete,,,,,,,
Sudeva FC,69:12:00,12,R Aarya Krishna,Pass,56,41,65,56,,Complete,,,,,,,
Sudeva FC,69:15:00,11,Mayengbam Lanchenba,Pass,64,39,69,62,,Incomplete,,,,,,,
Sudeva FC,69:20:00,15,Pukar Dulal,Pass,63,64,70,68,,Incomplete,,,,,,,
Sudeva FC,69:24:00,15,Pukar Dulal,Interception,69,71,0,0,,,,,,,,,
Sudeva FC,69:44:00,2,Sagar Patra,Long Kick,23,70,42,72,,Complete,,,,,,,
Sudeva FC,69:45:00,10,Thangboisat Chongloi,Air Duel,45,72,0,0,,Won,,,,,,,
Sudeva FC,69:47:00,7,Oinam Nirmal Meitei,Offensive Duel,41,69,0,0,,Won,,,,,True,,
Sudeva FC,69:50:00,7,Oinam Nirmal Meitei,Pass,42,64,59,65,,Complete,,,,,,,
Sudeva FC,70:08:00,11,Mayengbam Lanchenba,Interception,67,20,0,0,,,,,,,,,
Sudeva FC,70:09:00,11,Mayengbam Lanchenba,Head Pass,67,23,88,14,,Complete,,,,,,,
Sudeva FC,70:12:00,20,Eddie Zothanmawia,Offensive Duel,89,13,0,0,,Lost,,,,,True,,
Sudeva FC,70:16:00,11,Mayengbam Lanchenba,Interception,83,14,0,0,,,,,,,,,
Sudeva FC,70:17:00,11,Mayengbam Lanchenba,LBD,87,15,0,0,,,,,,,,,
Sudeva FC,70:25:00,11,Mayengbam Lanchenba,Defensive Duel,85,9,0,0,,Lost,,,,,True,,
Sudeva FC,70:28:00,11,Mayengbam Lanchenba,Foul,84,12,0,0,,,,,,,,,
Sudeva FC,70:48:00,12,R Aarya Krishna,LBD,77,8,0,0,,,,,,,,,
Sudeva FC,70:51:00,12,R Aarya Krishna,Defensive Duel,76,8,0,0,,,,,,,,,
Sudeva FC,70:53:00,20,Eddie Zothanmawia,Pressure,85,8,0,0,,,,,,,,,
Sudeva FC,70:55:00,20,Eddie Zothanmawia,Interception,84,10,0,0,,,,,,,,,
Sudeva FC,71:12:00,2,Sagar Patra,Long Kick,32,16,15,48,,Complete,,,,,,,
Sudeva FC,71:18:00,21,Samir Thapa,Hand Pass,15,50,16,27,,Complete,,,,,,,
Sudeva FC,71:22:00,25,Leishangthem Donaroy Singh,Pass,24,26,47,11,,Complete,,,,,,,
Sudeva FC,71:23:00,12,R Aarya Krishna,Pass,33,19,53,18,,Incomplete,,,,,,,
Sudeva FC,71:42:00,10,Thangboisat Chongloi,Defensive Duel,36,56,0,0,,,,,,,,,
Sudeva FC,71:53:00,25,Leishangthem Donaroy Singh,Interception,19,39,0,0,,,,,,,,,
Sudeva FC,71:55:00,4,Moirangthem Manithoiba,Long Kick,16,56,48,13,,Incomplete,,,,,,,
Sudeva FC,71:59:00,20,Eddie Zothanmawia,LBD,47,15,0,0,,,,,,,,,
Sudeva FC,72:00:00,20,Eddie Zothanmawia,Foul,43,18,0,0,,,,,,,,,
Sudeva FC,72:24:00,20,Eddie Zothanmawia,Pressure,87,15,0,0,,,,,,,,,
Sudeva FC,72:31:00,2,Sagar Patra,Long Kick,27,37,35,12,,Incomplete,,,,,,,
Sudeva FC,72:35:00,6,Irfan Ahmad Mir,Defensive Duel,35,22,0,0,,,,,,,,,
Sudeva FC,72:35:00,25,Leishangthem Donaroy Singh,Touch,28,23,0,0,,Bad,,,,,,,
Sudeva FC,72:37:00,25,Leishangthem Donaroy Singh,LBD,28,20,0,0,,,,,,,,,
Sudeva FC,72:38:00,11,Mayengbam Lanchenba,Offensive Duel,36,24,0,0,,,,,,,,,
Sudeva FC,72:40:00,11,Mayengbam Lanchenba,Pass,33,22,25,11,,Complete,,,,,,,
Sudeva FC,72:43:00,6,Irfan Ahmad Mir,Pass,30,13,37,6,,Complete,,,,,,,
Sudeva FC,72:45:00,12,R Aarya Krishna,Pass,41,10,58,18,,Complete,,,,,,,
Sudeva FC,72:46:00,15,Pukar Dulal,Pass,54,17,77,7,,Complete,,,,,,,
Sudeva FC,72:56:00,12,R Aarya Krishna,Throw In,83,1,77,17,,,,,,,,,
Sudeva FC,73:00:00,7,Oinam Nirmal Meitei,Offensive Duel,74,9,0,0,,,,,,,,,
Sudeva FC,73:17:00,6,Irfan Ahmad Mir,Throw In,80,1,63,12,,,,,,,,,
Sudeva FC,73:20:00,15,Pukar Dulal,Pass,64,12,50,24,,Complete,,,,,,,
Sudeva FC,73:21:00,2,Sagar Patra,Carry,46,20,68,31,,,,,,,,,
Sudeva FC,73:25:00,2,Sagar Patra,Long Kick,70,32,103,45,,,,,True,,,,
Sudeva FC,73:50:00,12,R Aarya Krishna,Pressure,67,9,0,0,,,,,,,,,
Sudeva FC,73:54:00,15,Pukar Dulal,Defensive Duel,47,24,0,0,,,,,,,,,
Sudeva FC,73:54:00,2,Sagar Patra,Defensive Duel,40,23,0,0,,Won,,,,,True,,
Sudeva FC,73:57:00,15,Pukar Dulal,Pass,40,28,57,34,,Complete,,,,,,,
Sudeva FC,73:59:00,7,Oinam Nirmal Meitei,Pass,53,25,54,41,,Incomplete,,,,,,,
Sudeva FC,76:05:00,25,Leishangthem Donaroy Singh,Free Kick,23,25,32,33,,,,,,,,,
Sudeva FC,76:09:00,7,Oinam Nirmal Meitei,Long Kick,41,35,96,56,,,,,,,,,
Sudeva FC,76:13:00,10,Thangboisat Chongloi,Air Duel,101,58,0,0,,Lost,,,,,,,
Sudeva FC,76:30:00,4,Moirangthem Manithoiba,Throw In,50,79,41,65,,,,,,,,,
Sudeva FC,76:33:00,2,Sagar Patra,Pass,40,65,56,73,,Complete,,,,,,,
Sudeva FC,76:35:00,7,Oinam Nirmal Meitei,Pass,49,69,37,52,,Complete,,,,,,,
Sudeva FC,76:39:00,2,Sagar Patra,Offensive Duel,39,47,0,0,,Won,,,,,True,,
Sudeva FC,76:41:00,2,Sagar Patra,Pass,39,36,52,46,,Complete,,,,,,,
Sudeva FC,76:45:00,7,Oinam Nirmal Meitei,Pass,49,40,74,28,,Complete,,,,,,,
Sudeva FC,76:47:00,15,Pukar Dulal,Pass,72,30,90,8,,Complete,,,,,,,
Sudeva FC,76:50:00,12,R Aarya Krishna,Pass,90,7,112,17,,,,,True,,,,
Sudeva FC,76:53:00,20,Eddie Zothanmawia,Offside,104,15,0,0,,,,,,,,,
Sudeva FC,77:17:00,12,R Aarya Krishna,Pressure,96,10,0,0,,,,,,,,,
Sudeva FC,77:23:00,15,Pukar Dulal,Defensive Duel,82,6,0,0,,,,,,,,,
Sudeva FC,77:24:00,15,Pukar Dulal,Foul,78,4,0,0,,,,,,,,,
Sudeva FC,78:07:00,6,Irfan Ahmad Mir,Defensive Duel,13,10,0,0,,Lost,,,,,True,,
Sudeva FC,78:08:00,6,Irfan Ahmad Mir,Foul,13,11,0,0,,,,,,,,,
Sudeva FC,79:05:00,21,Samir Thapa,Goal Kick,4,48,12,60,,,,,,,,,
Sudeva FC,79:09:00,2,Sagar Patra,Long Kick,16,60,84,44,,,,,True,,,,
Sudeva FC,79:38:00,20,Eddie Zothanmawia,Pressure,105,59,0,0,,,,,,,,,
Sudeva FC,80:06:00,21,Samir Thapa,Goal Kick,5,37,10,20,,,,,,,,,
Sudeva FC,80:08:00,25,Leishangthem Donaroy Singh,Pass,6,28,32,24,,Complete,,,,,,,
Sudeva FC,80:13:00,7,Oinam Nirmal Meitei,Pass,23,11,12,3,,Complete,,,,,,,
Sudeva FC,80:16:00,6,Irfan Ahmad Mir,Touch,12,3,0,0,,Bad,,,,,,,
Sudeva FC,80:32:00,6,Irfan Ahmad Mir,Defensive Duel,9,8,0,0,,Lost,,,,,True,,
Sudeva FC,81:42:00,21,Samir Thapa,Goal Kick,7,41,9,21,,,,,,,,,
Sudeva FC,81:44:00,25,Leishangthem Donaroy Singh,Long Kick,6,31,30,17,,Complete,,,,,,,
Sudeva FC,81:46:00,15,Pukar Dulal,LBD,32,22,0,0,,,,,,,,,
Sudeva FC,81:50:00,6,Irfan Ahmad Mir,Pass,24,3,20,14,,Complete,,,,,,,
Sudeva FC,81:51:00,12,R Aarya Krishna,Pass,21,15,26,7,,Complete,,,,,,,
Sudeva FC,81:54:00,6,Irfan Ahmad Mir,Pass,22,6,38,8,,Incomplete,,,,,,,
Sudeva FC,82:00:00,7,Oinam Nirmal Meitei,Defensive Duel,40,21,0,0,,,,,,,,,
Sudeva FC,82:04:00,7,Oinam Nirmal Meitei,Offensive Duel,38,24,0,0,,,,,,,,,
Sudeva FC,82:05:00,7,Oinam Nirmal Meitei,Pass,34,26,22,44,,Complete,,,,,,,
Sudeva FC,82:07:00,2,Sagar Patra,Pass,25,37,36,44,,,,,,,,,
Sudeva FC,82:08:00,15,Pukar Dulal,Pass,36,42,27,25,,Complete,,,,,,,
Sudeva FC,82:11:00,25,Leishangthem Donaroy Singh,Pass,26,27,46,27,,Complete,,,,,,,
Sudeva FC,82:12:00,11,Mayengbam Lanchenba,Pass,49,25,43,13,,Complete,,,,,,,
Sudeva FC,82:17:00,12,R Aarya Krishna,Pass,52,6,77,13,,Incomplete,,,,,,,
Sudeva FC,82:20:00,12,R Aarya Krishna,Offensive Duel,80,11,0,0,,Won,,,,,True,,
Sudeva FC,82:22:00,7,Oinam Nirmal Meitei,Offensive Duel,79,19,0,0,,Won,,,,,True,,
Sudeva FC,82:25:00,7,Oinam Nirmal Meitei,Pass,89,18,97,39,,Complete,,,,,,,
Sudeva FC,82:26:00,20,Eddie Zothanmawia,Interception,96,32,0,0,,,,,,,,,
Sudeva FC,82:43:00,20,Eddie Zothanmawia,Pressure,95,15,0,0,,,,,,,,,
Sudeva FC,82:48:00,6,Irfan Ahmad Mir,Pass,43,12,35,28,,Complete,,,,,,,
Sudeva FC,82:49:00,25,Leishangthem Donaroy Singh,Pass,32,27,39,15,,Complete,,,,,,,
Sudeva FC,82:52:00,6,Irfan Ahmad Mir,Pass,39,13,17,10,,,,,,,,,
Sudeva FC,82:54:00,25,Leishangthem Donaroy Singh,Pass,13,9,28,9,,Complete,,,,,,,
Sudeva FC,82:56:00,6,Irfan Ahmad Mir,LBD,28,7,0,0,,,,,,,,,
Sudeva FC,83:20:00,6,Irfan Ahmad Mir,Throw In,20,3,15,12,,,,,,,,,
Sudeva FC,83:22:00,25,Leishangthem Donaroy Singh,Pass,16,11,21,6,,Complete,,,,,,,
Sudeva FC,83:23:00,6,Irfan Ahmad Mir,Pass,20,5,16,14,,Complete,,,,,,,
Sudeva FC,83:26:00,25,Leishangthem Donaroy Singh,Long Kick,17,11,50,56,,Incomplete,,,,,,,
Sudeva FC,83:31:00,15,Pukar Dulal,Defensive Duel,40,49,0,0,,Lost,,,,,True,,
Sudeva FC,83:36:00,21,Samir Thapa,Save,7,44,0,0,,Saved,,,,,,,Bottom
Sudeva FC,83:38:00,21,Samir Thapa,Hand Pass,5,44,24,44,,Complete,,,,,,,
Sudeva FC,83:42:00,7,Oinam Nirmal Meitei,Pass,23,41,35,71,,Complete,,,,,,,
Sudeva FC,83:47:00,4,Moirangthem Manithoiba,Pass,38,74,54,70,,Complete,,,,,,,
Sudeva FC,83:48:00,10,Thangboisat Chongloi,Offensive Duel,53,72,0,0,,,,,,,,,
Sudeva FC,83:50:00,10,Thangboisat Chongloi,Pass,54,69,46,54,,Complete,,,,,,,
Sudeva FC,83:52:00,7,Oinam Nirmal Meitei,Pass,52,52,66,39,,Incomplete,,,,,,,
Sudeva FC,83:58:00,7,Oinam Nirmal Meitei,Pass,74,55,83,72,,Complete,,,,,,,
Sudeva FC,84:02:00,4,Moirangthem Manithoiba,Pass,81,72,68,58,,Complete,,,,,,,
Sudeva FC,84:04:00,15,Pukar Dulal,Pass,69,65,79,49,,Complete,,,,,,,
Sudeva FC,84:17:00,7,Oinam Nirmal Meitei,Long Kick,79,40,89,2,,Incomplete,,,,,,,
Sudeva FC,84:38:00,7,Oinam Nirmal Meitei,Pass,64,37,46,57,,Complete,,,,,,,
Sudeva FC,84:41:00,4,Moirangthem Manithoiba,Pass,49,49,70,63,,Complete,,,,,,,
Sudeva FC,84:43:00,10,Thangboisat Chongloi,Pass,62,64,48,62,,Complete,,,,,,,
Sudeva FC,84:44:00,4,Moirangthem Manithoiba,Long Kick,48,61,57,33,,Incomplete,,,,,,,
Sudeva FC,84:51:00,2,Sagar Patra,Pass,43,41,39,62,,Complete,,,,,,,
Sudeva FC,84:54:00,4,Moirangthem Manithoiba,Long Kick,40,56,29,14,,Complete,,,,,,,
Sudeva FC,85:00:00,6,Irfan Ahmad Mir,Offensive Duel,20,6,0,0,,Lost,,,,,True,,
Sudeva FC,85:05:00,6,Irfan Ahmad Mir,Throw In,14,1,14,13,,,,,,,,,
Sudeva FC,85:09:00,25,Leishangthem Donaroy Singh,Pass,11,10,35,14,,Complete,,,,,,,
Sudeva FC,85:11:00,12,R Aarya Krishna,Pass,28,14,12,11,,Complete,,,,,,,
Sudeva FC,85:14:00,25,Leishangthem Donaroy Singh,Long Kick,15,10,69,33,,Incomplete,,,,,,,
Sudeva FC,85:21:00,20,Eddie Zothanmawia,Pass,52,25,63,35,,Incomplete,,,,,,,
Sudeva FC,85:24:00,7,Oinam Nirmal Meitei,Air Duel,58,27,0,0,,Lost,,,,,,,
Sudeva FC,85:28:00,25,Leishangthem Donaroy Singh,Pass,32,27,50,28,,Complete,,,,,,,
Sudeva FC,85:29:00,7,Oinam Nirmal Meitei,Offensive Duel,50,29,0,0,,Won,,,,,,,
Sudeva FC,85:56:00,25,Leishangthem Donaroy Singh,Free Kick,49,25,100,42,,,,,,,,,
Sudeva FC,86:05:00,25,Leishangthem Donaroy Singh,Pass,52,24,43,37,,Incomplete,,,,,,,
Sudeva FC,86:17:00,6,Irfan Ahmad Mir,Defensive Duel,22,23,0,0,,Lost,,,,,True,,
Sudeva FC,86:20:00,21,Samir Thapa,Save,6,39,0,0,,Saved,,,,,,,Middle
Sudeva FC,86:41:00,12,R Aarya Krishna,Defensive Duel,8,26,0,0,,Lost,,,,,True,,
Sudeva FC,86:55:00,21,Samir Thapa,Goal Kick,4,32,10,18,,,,,,,,,
Sudeva FC,86:58:00,25,Leishangthem Donaroy Singh,Pass,6,21,32,12,,Complete,,,,,,,
Sudeva FC,87:03:00,12,R Aarya Krishna,Pass,17,7,38,4,,Incomplete,,,,,,,
Sudeva FC,87:11:00,2,Sagar Patra,Defensive Duel,35,30,0,0,,,,,,,,,
Sudeva FC,87:16:00,4,Moirangthem Manithoiba,Pass,28,48,36,29,,Complete,,,,,,,
Sudeva FC,87:18:00,4,Moirangthem Manithoiba,Interception,32,52,0,0,,,,,,,,,
Sudeva FC,88:15:00,25,Leishangthem Donaroy Singh,Pass,37,24,50,9,,Complete,,,,,,,
Sudeva FC,88:17:00,6,Irfan Ahmad Mir,Offensive Duel,50,11,0,0,,Won,,,,,True,,
Sudeva FC,88:20:00,6,Irfan Ahmad Mir,Pass,53,20,75,17,,Complete,,,,,,,
Sudeva FC,88:22:00,11,Mayengbam Lanchenba,Offensive Duel,73,18,0,0,,,,,,,,,
Sudeva FC,88:27:00,7,Oinam Nirmal Meitei,Pass,68,26,49,47,,Complete,,,,,,,
Sudeva FC,88:30:00,2,Sagar Patra,Offensive Duel,46,48,0,0,,,,,,,,,
Sudeva FC,88:32:00,2,Sagar Patra,Pass,42,52,57,74,,Complete,,,,,,,
Sudeva FC,88:36:00,4,Moirangthem Manithoiba,Offensive Duel,55,72,0,0,,,,,,,,,
Sudeva FC,88:37:00,4,Moirangthem Manithoiba,Pass,52,71,39,58,,Complete,,,,,,,
Sudeva FC,88:38:00,2,Sagar Patra,Pass,45,68,55,54,,Complete,,,,,,,
Sudeva FC,88:40:00,7,Oinam Nirmal Meitei,Offensive Duel,54,56,0,0,,,,,,,,,
Sudeva FC,88:47:00,7,Oinam Nirmal Meitei,Offensive Duel,53,58,0,0,,,,,,,,,
Sudeva FC,88:58:00,2,Sagar Patra,Free Kick,46,62,89,29,,,,,,,,,
Sudeva FC,89:12:00,6,Irfan Ahmad Mir,Throw In,111,1,109,14,,,,,,,,,
Sudeva FC,89:17:00,20,Eddie Zothanmawia,Pass,112,12,96,15,,Complete,,,,,,,
Sudeva FC,89:28:00,21,Samir Thapa,Long Kick,14,45,68,58,,Incomplete,,,,,,,
Sudeva FC,89:36:00,7,Oinam Nirmal Meitei,Pass,72,61,72,75,,Complete,,,,,,,
Sudeva FC,89:39:00,7,Oinam Nirmal Meitei,Carry,57,49,71,67,,,,,,,,,
Sudeva FC,89:41:00,4,Moirangthem Manithoiba,Pass,74,76,65,62,,Complete,,,,,,,
Sudeva FC,89:46:00,7,Oinam Nirmal Meitei,Carry,69,69,79,45,,,,,,,,,
Sudeva FC,89:48:00,7,Oinam Nirmal Meitei,Long Kick,75,49,102,9,,Complete,,,,,,,
Sudeva FC,89:54:00,12,R Aarya Krishna,Offside,97,11,0,0,,,,,,,,,
Sudeva FC,90:51:00,25,Leishangthem Donaroy Singh,Air Duel,48,24,0,0,,Won,,,,,,,
Sudeva FC,90:53:00,6,Irfan Ahmad Mir,Pass,37,13,61,16,,Incomplete,,,,,,,
Sudeva FC,91:01:00,4,Moirangthem Manithoiba,Pass,28,57,24,42,,Complete,,,,,,,
Sudeva FC,91:03:00,2,Sagar Patra,Pass,22,43,39,60,,Complete,,,,,,,
Sudeva FC,91:06:00,10,Thangboisat Chongloi,Pass,47,56,35,68,,Complete,,,,,,,
Sudeva FC,91:12:00,4,Moirangthem Manithoiba,Pass,35,70,50,62,,Complete,,,,,,,
Sudeva FC,91:13:00,7,Oinam Nirmal Meitei,Offensive Duel,50,63,0,0,,,,,,,,,
Sudeva FC,91:15:00,7,Oinam Nirmal Meitei,LBD,55,68,0,0,,,,,,,,,
Sudeva FC,91:19:00,7,Oinam Nirmal Meitei,Carry,55,68,84,74,,,,,,,,,
Sudeva FC,91:23:00,7,Oinam Nirmal Meitei,Offensive Duel,87,75,0,0,,,,,,,,,
Sudeva FC,91:32:00,4,Moirangthem Manithoiba,Throw In,76,78,87,71,,,,,,,,,
Sudeva FC,91:33:00,7,Oinam Nirmal Meitei,Pass,87,71,74,74,,Complete,,,,,,,
Sudeva FC,91:34:00,4,Moirangthem Manithoiba,Pass,79,77,78,61,,Complete,,,,,,,
Sudeva FC,91:36:00,12,R Aarya Krishna,Offensive Duel,79,65,0,0,,Lost,,,,,True,,
Sudeva FC,91:49:00,2,Sagar Patra,Defensive Duel,15,53,0,0,,Won,,,,,True,,
Sudeva FC,91:52:00,2,Sagar Patra,Pass,11,69,47,60,,Complete,,,,,,,
Sudeva FC,92:27:00,10,Thangboisat Chongloi,Pass,37,60,27,47,,Complete,,,,,,,
Sudeva FC,92:28:00,2,Sagar Patra,Pass,26,53,49,59,,Complete,,,,,,,
Sudeva FC,92:25:00,12,R Aarya Krishna,Pass,31,49,38,59,,Complete,,,,,,,
Sudeva FC,92:30:00,7,Oinam Nirmal Meitei,Offensive Duel,49,55,0,0,,,,,,,,,
Sudeva FC,92:56:00,2,Sagar Patra,Free Kick,45,60,94,35,,,,,,,,,
Sudeva FC,92:59:00,20,Eddie Zothanmawia,Air Duel,89,33,0,0,,Lost,,,,,,,
Sudeva FC,93:02:00,6,Irfan Ahmad Mir,Pass,72,20,75,38,,Complete,,,,,,,
Sudeva FC,93:04:00,12,R Aarya Krishna,Long Kick,76,24,93,43,,Incomplete,,,,,,,
Sudeva FC,93:20:00,4,Moirangthem Manithoiba,Throw In,44,78,37,68,,,,,,,,,
Sudeva FC,93:22:00,2,Sagar Patra,Pass,36,71,49,60,,Complete,,,,,,,
Sudeva FC,93:25:00,7,Oinam Nirmal Meitei,Pass,39,63,47,75,,Complete,,,,,,,
Sudeva FC,93:26:00,4,Moirangthem Manithoiba,Offensive Duel,47,74,0,0,,,,,,,,,
Sudeva FC,93:39:00,4,Moirangthem Manithoiba,Throw In,51,78,45,68,,,,,,,,,
Sudeva FC,93:58:00,2,Sagar Patra,Pass,37,67,49,56,,Incomplete,,,,,,,
Sudeva FC,94:09:00,21,Samir Thapa,Goal Kick,6,32,12,23,,,,,,,,,
Sudeva FC,94:13:00,25,Leishangthem Donaroy Singh,Offensive Duel,16,19,0,0,,Won,,,,,True,,
Sudeva FC,94:15:00,25,Leishangthem Donaroy Singh,Pass,29,20,59,23,,Incomplete,,,,,,,
Sudeva FC,94:22:00,7,Oinam Nirmal Meitei,Offensive Duel,38,21,0,0,,,,,,,,,
Sudeva FC,94:27:00,7,Oinam Nirmal Meitei,Pass,35,8,51,22,,Complete,,,,,,,
Sudeva FC,94:29:00,20,Eddie Zothanmawia,Offensive Duel,43,15,0,0,,,,,,,,,
Sudeva FC,94:33:00,12,R Aarya Krishna,Defensive Duel,33,24,0,0,,Lost,,,,,True,,
Sudeva FC,94:45:00,12,R Aarya Krishna,Foul,34,22,0,0,,,,,,,,,
Sudeva FC,95:24:00,21,Samir Thapa,Goal Kick,6,47,29,65,,,,,,,,,
Sudeva FC,95:28:00,4,Moirangthem Manithoiba,Pass,38,69,38,49,,Complete,,,,,,,
Sudeva FC,95:30:00,7,Oinam Nirmal Meitei,Long Kick,42,60,87,58,,Incomplete,,,True,,,,
Sudeva FC,96:00:00,15,Pukar Dulal,Defensive Duel,65,56,0,0,,,,,,,,,
Sudeva FC,96:10:00,21,Samir Thapa,Save,4,42,0,0,,Saved,,,,,,,Top
Sudeva FC,96:16:00,21,Samir Thapa,Long Kick,16,40,63,20,,Complete,,,,,,,
Sudeva FC,96:23:00,15,Pukar Dulal,Pass,65,15,55,8,,Complete,,,,,,,
Sudeva FC,96:24:00,12,R Aarya Krishna,Offensive Duel,58,9,0,0,,Won,,,,,True,,
Sudeva FC,96:26:00,12,R Aarya Krishna,Pass,77,12,85,25,,Complete,,,,,,,
Sudeva FC,96:32:00,20,Eddie Zothanmawia,Offside,96,15,0,0,,,,,,,,,
Sudeva FC,97:10:00,6,Irfan Ahmad Mir,Defensive Duel,20,9,0,0,,Lost,,,,,True,,
Sudeva FC,97:12:00,25,Leishangthem Donaroy Singh,Defensive Duel,27,16,0,0,,Lost,,,,,True,,
Sudeva FC,97:13:00,6,Irfan Ahmad Mir,Long Kick,14,17,50,30,,Incomplete,,,,,,,
Sudeva FC,97:55:00,12,R Aarya Krishna,Defensive Duel,24,22,0,0,,Lost,,,,,True,,
Sudeva FC,98:09:00,12,R Aarya Krishna,Defensive Duel,10,4,0,0,,,,,,,,,
Sudeva FC,99:37:00,21,Samir Thapa,Goal Kick,6,36,7,22,,,,,,,,,
Sudeva FC,99:40:00,25,Leishangthem Donaroy Singh,Pass,6,24,14,23,,Incomplete,,,,,,,
Sudeva FC,99:43:00,21,Samir Thapa,Defensive Duel,6,32,0,0,,Lost,,,,,True,,
Sudeva FC,99:52:00,21,Samir Thapa,Goal Kick,4,34,10,5,,,,,,,,,
Sudeva FC,99:56:00,6,Irfan Ahmad Mir,Pass,16,6,10,18,,Complete,,,,,,,
Sudeva FC,99:59:00,25,Leishangthem Donaroy Singh,Long Kick,14,15,73,15,,Incomplete,,,,,,,
Sudeva FC,100:04:00,7,Oinam Nirmal Meitei,Touch,40,20,0,0,,Bad,,,,,,,
Sudeva FC,100:05:00,7,Oinam Nirmal Meitei,LBD,45,23,0,0,,,,,,,,,
Sudeva FC,100:16:00,12,R Aarya Krishna,Interception,51,35,0,0,,,,,,,,,
Sudeva FC,100:20:00,12,R Aarya Krishna,LBD,33,42,0,0,,,,,,,,,
Sudeva FC,101:30:00,12,R Aarya Krishna,Foul,33,41,0,0,,Yellow Card,,,,,,,
Sudeva FC,101:57:00,21,Samir Thapa,Goal Kick,6,46,36,69,,,,,,,,,
